user_id,email,password_hash,is_active,created_at,updated_at
1,johnsonjoshua@example.org,425d64fa500a956483b081dcaeba52d7d1454c87719a5302337753d56ed948e9,True,2024-11-20 03:58:21,2025-10-13 03:58:21
2,jillrhodes@example.net,47a3780a8df455f9f6079d3a89fc93a14a68441c25ebca211af3a829260a5f53,True,2025-03-08 01:30:35,2025-05-04 01:30:35
3,garzaanthony@example.org,db7104417dbe07ee56e4366e6f84938f71410c7c4e64bd2807410a61e92998a2,True,2024-09-24 17:35:03,2024-10-06 17:35:03
4,jesseguzman@example.net,2c4327392f2ff3d705caf3d36ee7ee3000b38a4f94502ca9d70cc0f4ebbd863d,True,2024-09-10 04:31:40,2025-01-28 04:31:40
5,jennifermiles@example.com,1e3b38890f4de9be437750b701e4e0d660a2a206707affbf6f021a3c4fdaf217,True,2024-03-08 09:31:52,2024-07-11 09:31:52
6,shaneramirez@example.org,adc1a53f4dab8c91f35a9ba30f73e57516dd2efa6971db851ee0a5bd4072b91e,True,2025-11-10 14:43:33,2026-03-04 14:43:33
7,helenpeterson@example.org,fa1d34dd7f0aa0de58586894edd2de56978ad414c6df9a131c88ee89908a61ba,False,2024-06-18 01:01:41,2024-08-28 01:01:41
8,susanrogers@example.org,bff040a58d945076ca184659b1ee3938088d248119980ca4896b8c0a21b61cf5,True,2025-05-07 05:56:19,2025-06-28 05:56:19
9,wdavis@example.net,4c8c3e7e9f2ff757e973ab26ab3ca2261a42493bcf3ef2e5859ed7f788141cf6,True,2025-02-05 20:13:00,2026-01-17 20:13:00
10,lindsay78@example.org,2c0605c377ab5031402a6a7a248e8ea22f28c0bf5822994ea6f085edb9bb629a,True,2024-01-22 19:06:14,2024-10-27 19:06:14
11,smiller@example.net,8ce003ffe31d5b6ddbd4325c08c109677386dfa509a3ef4fe4706d0fae8696b3,True,2025-05-15 19:57:35,2025-06-28 19:57:35
12,barbara10@example.net,96495bdb73a66db49026cafed5b062798317afddc166d04a96616ed785050c8b,True,2025-12-01 10:57:34,2026-09-29 10:57:34
13,kendragalloway@example.org,428ce03b49b0df031f86b01be7d1c78297c27baa61b750b83bd10c787370f649,True,2025-05-04 12:58:37,2025-12-06 12:58:37
14,jamesshawn@example.com,81398ecd75ab90527140cdb846fd8a1b467b15d1883ea30a24d34195e6c2dcf9,True,2025-05-29 20:55:17,2025-06-14 20:55:17
15,mitchellclark@example.com,9f0633d973aba4ad61acb3c45c2a2cc0e3e700508d486176c4c8643922c9e39c,True,2025-09-29 05:32:11,2025-10-14 05:32:11
16,lynchgeorge@example.net,916993b8bedaa86d717b8bbcc9c38bfae46aa50fa3502b44462c480011cfe5a8,False,2025-02-25 00:26:48,2025-04-13 00:26:48
17,frankgray@example.net,a7ada793ea036b1ff13de67ac4b334b3bb42f941bf41d0bd2078e10c72f350ac,True,2025-07-06 23:00:30,2025-10-25 23:00:30
18,gabriellecameron@example.org,5ba872c9e492e1c15fb4ad0462f01e29ce9290bdb4c5e014dcbe536dea954400,True,2025-03-09 02:16:46,2025-07-06 02:16:46
19,lydiatrujillo@example.com,f19359e44f73d20cb613b763c051e3a603a89be1d53143e657d62d97797f4c6a,True,2025-01-26 09:53:26,2025-10-11 09:53:26
20,carl95@example.org,edc697fdb4ad5d931791fec8b95990af5e9160690d54406e20d2233d420626d6,True,2024-06-25 14:34:03,2025-04-29 14:34:03
21,pfoster@example.com,ce10cfbf2f2f9ea36e5d993b6ea1276aab0531b7e1a983c67bab2e0f9491b0cb,True,2025-04-09 10:16:59,2025-04-22 10:16:59
22,josephwright@example.net,8966f1db252d139f0430b4962209c24b0c78e76dc3a41d2c533e684f41b0e03e,True,2024-12-14 12:31:43,2025-09-27 12:31:43
23,julie69@example.com,2bd2b51f31b1b12ac56dcd08b90a1763b985f42fdd4e486bf098309342993e3f,True,2024-05-31 06:48:57,2024-09-09 06:48:57
24,jeffrey28@example.com,177286bdfe3101c4eaeda78a0e3ad129e881a7f73458b751ada3e148f2bb0f93,True,2025-09-27 00:08:59,2026-08-25 00:08:59
25,camposmichelle@example.org,2e232bcccae51c5af26ddeef05ecc5f0b9ddc7576cb14dd0f3a61c39bb718ac5,True,2024-07-24 06:59:02,2025-07-18 06:59:02
26,laurahenderson@example.org,f860396306b0240af5c8b06c4d81df7fea4488d163df925ce47ad1654369ae84,True,2024-12-22 16:35:28,2025-09-27 16:35:28
27,djames@example.net,7e41678a82abf6b674ca3864c8f9cef6e130caea1cc54eb0c104704150584660,True,2025-01-05 15:50:56,2025-08-07 15:50:56
28,tasha01@example.net,e7142fcbb784091945717aad80f66b3e39bcaa0bc321dcb57ea21b592ab6e80a,True,2025-05-24 08:36:44,2025-09-13 08:36:44
29,kayla51@example.com,1a96d6b12bd809000f5f4735646f33d719727a4efed7f6d0ecd34ac09314126d,True,2024-07-02 23:56:50,2025-02-16 23:56:50
30,amoore@example.net,d993f974aeba5a66d0173ff36ea94fd85cd0f2845750cae780d45975d151419c,True,2024-08-02 04:24:51,2025-05-30 04:24:51
31,teresa28@example.org,36d47eaebe139eadf4e7b29e92a36867cf4a8bc232794ed218a8889eeb88a432,True,2024-10-02 09:28:36,2025-02-21 09:28:36
32,meagan89@example.org,fd3211bb7a26719757464d41c86e9f30ce87e3eb253255cde035a657180a573c,True,2025-05-17 19:17:50,2025-05-20 19:17:50
33,nathanielmartin@example.net,3466d0df42083444c6d6abe1251ef2d3337941a9a88cd46d4b855dafd64e268a,True,2025-07-26 05:21:43,2025-10-15 05:21:43
34,georgetracy@example.org,af48da18baad867e455ac0315e376a1dd2f5f3763b700a0a7b7336f391c8f0ba,True,2024-07-30 08:31:04,2025-07-22 08:31:04
35,natasha43@example.org,751c86e953632ce593e780f2cdb0d9dfa1de3dd0c2dc175f88102083f3692e54,True,2025-12-09 20:02:32,2026-07-13 20:02:32
36,nataliearroyo@example.org,2f2be07064e1ebf580a108d1a9003c335be5f2c10a2d755a6359f8632afd650e,True,2024-09-10 10:18:27,2025-03-03 10:18:27
37,wcabrera@example.net,182ef1cb7e24b14d1b021aa58c9e091fcbe38e7e49ecef9fdde17aced5b3c4a1,True,2024-04-16 13:24:42,2024-09-05 13:24:42
38,davidalvarez@example.net,52664c52e7a399616fa8d8f4a00b6b6091c3f34ff73300fc948f41cbae3a30c3,True,2025-06-12 09:30:38,2025-08-30 09:30:38
39,josephbrennan@example.com,af68683af5a67842a322c937291cd4cb5c7b30bfa7b39d33f76fac96d32d035a,True,2025-02-11 15:31:22,2025-06-01 15:31:22
40,sarahcampos@example.net,5710a309781f10b9591e3b9a0426e9d38d6eccd6226c938b504167b1ad48a446,True,2025-10-27 00:23:49,2026-04-17 00:23:49
41,jenniferross@example.net,2d0f0631d986187b841179bd0b4ef3b74e4e171072942e5b8b15ace63b0e18e9,True,2024-09-20 04:28:20,2024-11-11 04:28:20
42,samuel87@example.org,59724c2aeb99fe2cec25e35eb1d3d87d884e2934b54d7af5a82b817c3e9ca22f,True,2024-01-16 07:38:24,2024-03-03 07:38:24
43,jeffreymorgan@example.net,b70cb10c38a645ec41401314543a5a545559a153f61647b73a7a35f8280d1b9f,True,2024-12-21 04:31:32,2025-07-03 04:31:32
44,briannasmith@example.net,d02ccf44f8bb78f0b10493879136cf5021c78de979b5cf3a98b57954ea92a6d4,True,2025-11-02 12:21:22,2025-12-21 12:21:22
45,perezrebecca@example.com,3dca397ced72e40669bfeee84e2a7b8fb89742bcbf127feb2090c60f25472700,True,2024-09-29 21:20:14,2025-03-31 21:20:14
46,palmerjoshua@example.com,dbc90a519ae454b7385fdbcb12e826b146ad6fb605187cf47f2a9b13782a5096,True,2024-09-20 05:32:58,2025-03-15 05:32:58
47,ambercummings@example.net,7733efadfebf8f61a6788d3a7b31d1d463baa6b608c0dca3039209acc7d13e4f,True,2025-02-15 15:44:56,2025-12-21 15:44:56
48,esanchez@example.com,8e21038c9b524ae9d8f082d03173a8ceb37637e0c662d0f31fd814e4e5d9dd12,True,2024-10-06 20:35:07,2025-02-18 20:35:07
49,clintonhopkins@example.com,835dbc9687e7681a987a7f7d95d211667f63dccaa9eeaf6eda607f2e3200e726,True,2025-09-12 17:09:19,2025-10-04 17:09:19
50,ujenkins@example.org,a4deeb76a1959f1a779f6ceacc3634f58cdf9f003ecd031fc3d4b06fa7890d2b,False,2024-11-30 20:20:09,2025-07-23 20:20:09
51,brownjessica@example.org,a0c50f8574bafe54f81d2c330473270285bc2e0c19e81d5b59e8c503e4e51ce9,True,2025-09-20 20:17:45,2026-06-21 20:17:45
52,jamesherrera@example.org,b7210e56521c1712e79ae471da392ebfb42d198db40cd973d0cf618c1307850a,True,2024-08-16 17:18:37,2024-10-18 17:18:37
53,dwhite@example.org,8544da198aa8ea6c926f79d2a9c3cf58da41fb831fc1fe3b43e1db162e08acbc,False,2024-04-15 02:30:12,2024-10-25 02:30:12
54,ramosmichelle@example.net,5d3614ba9dd01953830ad3b22c9dbada78168e0cff873cb1fc043a8cb809e2d0,True,2025-11-03 10:32:51,2025-12-13 10:32:51
55,williamsyvette@example.org,316b64f33fbf4f13deb6fb9ad89dcf4b0fa685a54765a1166be9712360294fb8,True,2024-05-10 03:41:01,2025-02-16 03:41:01
56,housemelinda@example.org,4e3870229705455321c085d3e19f769852f160816ad8fa5bd91167dab19c591b,True,2024-03-20 00:15:37,2024-08-17 00:15:37
57,ntucker@example.com,5ee35b7e2327506933c20d2de8aa8614c30a18d703b847a2ac79bdf6196e189e,True,2025-04-17 09:49:46,2026-03-04 09:49:46
58,martinaaron@example.com,3c0d2e0f00aa7775586d78de866245df62b8f3cd3f3af2a9e0e361afdd17bccf,True,2024-04-24 07:44:01,2025-03-06 07:44:01
59,sara74@example.com,56446979551a1da8f381caf62339d7763cc10c35cb6fc2f3ee6a5296f25fb5d6,True,2024-01-19 14:43:27,2024-07-22 14:43:27
60,smoore@example.org,6d625450683d29e1b527ee9e7d50f63f2e8baecdc07c113c80535a1356d65b1d,True,2024-04-01 20:53:46,2025-01-21 20:53:46
61,rileyamy@example.net,87eb663d74688af1aa0fc19a11adaa88b5627b14b0cbd0904b39ff37d06f9a4c,True,2025-10-27 16:16:11,2026-02-02 16:16:11
62,brian97@example.net,e172f66e7eb5ebafa4511443193c3c8d16888314abef39ae82de321228fb5e51,True,2025-03-26 22:45:14,2026-03-21 22:45:14
63,brianromero@example.org,1a48a0a24919b2c35c612fb792a8ad1e1a3cd6dcad2de1a3ccb86ce821b45ef5,True,2024-09-30 11:30:58,2024-11-04 11:30:58
64,larsonemma@example.org,a8b7d12e5b825945d051e9b5d147563bbe406c641d30ed1f905f0c7ac3c049ec,True,2025-06-12 02:04:28,2025-07-05 02:04:28
65,kwilson@example.org,4bc63fb0103c8ae09eea7f66f49dfc8aad0cba31f2d54a81a88f6fc371147225,True,2025-11-16 01:15:06,2026-10-20 01:15:06
66,harveyrobert@example.net,557745f7b6183aa65b841c3a43796f266d331901e401c6a1e162c5f54a33af0d,True,2024-03-27 14:16:19,2024-07-21 14:16:19
67,sarah35@example.org,88e351bbd4c136c013d50786238a7181232a01e3503c975ca5993220ae9c0dab,True,2024-11-07 09:10:51,2025-04-04 09:10:51
68,randy47@example.com,54a0cfa6ead0356504f91c2647d2ca4100d08c6f0398e276a2b3ecd5d06782a0,True,2025-09-06 13:39:26,2025-10-16 13:39:26
69,smithchristine@example.net,6346bf5ad19bb53ce9700f14eec918ca22bf94354e512c1931f157ecc301f262,True,2024-01-15 06:09:38,2024-05-13 06:09:38
70,jonesjason@example.com,7b8dc82ec3005008117a884427ba75ccff3a6e807e0b64852201d2c0bb35361b,True,2024-03-24 22:10:03,2024-05-14 22:10:03
71,sarahibarra@example.org,ecc839bd0afd88a0a7df5460d13b6851aa291996ad56ec6b8cae04a091ebf407,True,2025-12-07 18:13:45,2026-06-19 18:13:45
72,justin78@example.net,baced318e1e7cd9c84df3084ff784d5b945cdbca0d4d668753f01e0ea5bfc816,True,2025-09-24 17:05:10,2026-02-13 17:05:10
73,cheryl80@example.net,862d776a1d8b3f55572295a5155139c2a63b4b8713a630b3a5e2b3f8d1212ba4,True,2025-07-16 14:16:02,2026-03-05 14:16:02
74,sarah12@example.com,e47ca0d800a88674196626386910ef8191248b566765469fe037aa7c7620d324,True,2024-11-07 07:23:12,2025-09-28 07:23:12
75,prestonjulia@example.org,ebb7119aee084bd684d3c2aaea7fbafa29c016ebc517299e822eff3c6a3c77fa,True,2024-01-03 07:18:39,2024-07-07 07:18:39
76,juan35@example.org,77907fd36b1edf5bb73f23a2c6c7482ace90136278c455ea4a49712d6651927f,True,2025-04-08 15:18:50,2025-06-30 15:18:50
77,william40@example.org,248be24de9a174e70ebd782e2bcd44c82ceba9684d7f5cf566c81506d29d53ad,True,2025-02-24 22:49:28,2025-09-01 22:49:28
78,ccalderon@example.org,d137c7aea2e27dc5d9ec1305be71ec6c70044f0b3427612c9409719896f4deec,True,2025-08-25 20:12:54,2026-02-22 20:12:54
79,kellie42@example.net,c005094e8c97d3c375b947e9397766914f73d05c395626cd93942f98ef5a3b2b,True,2024-01-03 11:46:23,2024-04-19 11:46:23
80,barnold@example.net,c7dfcd49396ff744df23b7fac85262dbb676ee89f2e6e620a7a12bc522b82553,True,2025-01-31 19:16:59,2026-01-09 19:16:59
81,rodriguezsierra@example.net,0bf1c1171edd10e47aee0bf9b2dd5790b71b904c93e2faf7bbb07560e41c14a9,True,2025-04-11 17:28:08,2025-08-25 17:28:08
82,amydavenport@example.net,9a09e49e8d322cd26b5a37b6b4d8d0c3046c1aa0434eac113fd3c4c68acdf9c8,True,2024-02-04 22:57:18,2025-01-28 22:57:18
83,russellwilliams@example.com,ab779fa521c6db0b29100e11fd18ae7d255774c0ce6d8b9926c707cf662e040b,False,2025-09-14 20:42:53,2026-08-29 20:42:53
84,nolanjason@example.org,f6aa93ad222d163d2407d4d0ef594e6350920d88ffd6952eb72d1396e21da3b0,True,2025-12-11 04:33:24,2026-11-07 04:33:24
85,gomezanita@example.com,778695d1a4ed83fc384f4753a0ab4d22fbd30bb16d3001950d7e04d5ff581bb8,True,2024-12-22 17:02:42,2025-01-27 17:02:42
86,sarayoung@example.org,79645e0dc17046eff311e88d048806c84fd7fe373c79eea4b7dc4dfec96f9e18,True,2024-10-17 00:55:23,2025-08-24 00:55:23
87,nicolejohnson@example.net,7d988b44cdcc739d1ca2428eeb4680b27649dfc00faa7813584018b95e016d16,True,2024-04-30 00:21:48,2025-03-21 00:21:48
88,kimberly63@example.com,bbc03c490a34e7d9728ec892ebadf9df23e7c97d1b4b364be1919937e395a40d,True,2024-01-18 05:22:31,2024-04-14 05:22:31
89,kristinrodriguez@example.org,ad071ed102e87c898dd6b487255e66f0a618232dc1675f41fb5f0032eaba2bdd,True,2025-10-25 08:29:13,2026-07-25 08:29:13
90,dwalker@example.com,f3bcc3ea8d7a50d7b648eebdcda4e2d0e5a48e89affaf4196bfb528712dca5b4,True,2025-07-26 19:38:08,2025-11-28 19:38:08
91,lori33@example.org,ad1bb88b8f05059bc748cac14e65217c63a50ae4dc643fab21a32b8b30d078e3,True,2025-04-21 05:20:32,2025-07-13 05:20:32
92,raymondramirez@example.org,397e38d0a7c4b616427f2612d385360c15e3eddb6a76d47594a322c04f10becb,True,2025-01-09 01:15:20,2025-09-02 01:15:20
93,michael86@example.net,f713f6c1c2968c535bfb520a0dc67902d8f87c5e0eb3f2247a1ec1e34ea466a0,True,2024-11-27 23:11:48,2025-06-09 23:11:48
94,sheila14@example.org,73793e697751914681dccb5b60290e3eca71a531710bf16eac90ff9326edb12a,True,2024-12-16 12:52:34,2025-05-03 12:52:34
95,benjamin96@example.com,b4f0e98e3cb85504e988bbb651408678a1517fea914ca040dc2a62492a27258b,True,2024-12-19 23:24:39,2025-11-11 23:24:39
96,samuel81@example.com,930379f04533a9d3df9f08e73e2d19825b640ee986cd9f1590461e7ec5b12cef,True,2024-02-05 12:33:31,2025-01-22 12:33:31
97,jonathanfletcher@example.org,0e460908f6d1c4a8404656ee663f25c826698d01a02442edf2ebef2d98ace9d2,True,2024-07-17 03:45:28,2025-04-28 03:45:28
98,michaeljones@example.net,df7b91ff008af02904a5f5dfeb9d0d1612f9c4c0064bd31d8f45bd13ebdc6b8b,True,2025-02-24 07:26:30,2025-06-16 07:26:30
99,cindy14@example.net,7cf41701ad8c118dc2f28fa2efea52219386c6a27b2b7faede2e79394212d4c9,True,2024-04-05 18:28:48,2025-03-21 18:28:48
100,elizabeth56@example.net,cc4f6f335c36fc8a4ce0dcf40be93e3b1c51d618b9ab6444ff0c069760f89c70,True,2024-10-02 09:18:24,2025-03-17 09:18:24
101,angela36@example.net,fee00d3da9c106ebde7f3f76f12eb7902a951b3645fed3a1344f8f229bd2430f,True,2024-04-02 10:07:15,2024-04-30 10:07:15
102,lbyrd@example.net,0b2556a2327bf4e341ef593b142527629a6f2fa231cac05f7286f0d85ebfd394,False,2025-11-15 14:49:10,2026-03-12 14:49:10
103,richard04@example.com,6a4c64e8573600575244a1d69e9153edffbc5d5c7c8e72d6339cd61aa6874898,True,2024-03-16 02:23:07,2024-04-01 02:23:07
104,russellcarpenter@example.net,eaa1bf86af9f58a09828322c100fd951921b3fd457a7dc1fb6cf2171c5847278,True,2024-08-27 19:09:07,2025-02-04 19:09:07
105,steven73@example.net,73c39bc5c2dd92f54c9990fd736f99e1abb093aa6ff0b86bb65d81dfef7f5cf9,True,2025-04-07 07:12:34,2025-10-29 07:12:34
106,yleon@example.net,7d9a9c7d37bca67a72f2d92cf53756b9cea469a22d9b0f9f3ed38b7c4f08d5a6,True,2025-07-05 20:33:24,2025-11-19 20:33:24
107,donnacampbell@example.net,e6bce49d6adfd32bf6b46a3aeb45232679d0a84d1e798f63e1f0cf3375693496,True,2025-03-04 07:51:07,2025-04-06 07:51:07
108,clarence34@example.org,815f71887272a0626ed612ad995363093182150f906670b17d23a272c844a8b1,True,2024-10-13 11:30:54,2025-01-29 11:30:54
109,dylanwilliams@example.com,a1d87049876f1aab5794d5add5b2964d180c1621d490ed3983fea227de5e456e,True,2024-11-05 21:15:57,2025-08-22 21:15:57
110,gibsonolivia@example.net,22d24753292560119156ffc855daad3af0657cbd65cdba275218800f45c81482,True,2025-11-19 09:30:40,2026-04-29 09:30:40
111,jennifercruz@example.com,4877802cb738e4ab51a55d7a27e6606076b21b967ea3fdc27c71828d4591932f,True,2024-11-17 00:18:49,2025-03-05 00:18:49
112,dylanwatts@example.org,0b6d09d5c2c22d5ff3824329ff5efccfb0af9579d0116f4d71fc6297587f6605,True,2025-03-29 22:02:20,2026-02-27 22:02:20
113,zrobinson@example.net,f2ff7ea9cff3a3a7412106191115e3493393a5f7ef62c251ceb475827361ac90,True,2025-11-17 16:38:06,2026-07-30 16:38:06
114,pwilliams@example.org,cfffe04d5f46b5bdce782aa35729484116f15152638608903536b4dcb9d70d4f,True,2024-09-15 11:31:22,2025-04-05 11:31:22
115,danderson@example.net,543e4018850fbfd01a4c2e37e3b12111c7d2adecd88631b739e1b67e87842421,True,2025-05-11 11:45:29,2026-04-05 11:45:29
116,stephanie79@example.net,122dab002c32ad4955b2f88c6b258bd0bc695445bd90fbc1795539f4cdb695c1,True,2025-02-05 22:22:52,2025-09-27 22:22:52
117,jrivas@example.com,5e0980d0cf3cfa191dbca704d5afa42d119ca2a338beb1bb8ea2444297978b24,True,2024-03-21 00:24:25,2024-06-02 00:24:25
118,juliawells@example.com,3b2dd2b0befb42a73f176135198bdd191d9e02a7c5aa21f0568890e2fd97b514,True,2025-02-27 06:56:40,2025-07-12 06:56:40
119,maryramirez@example.net,a440aab49b90f310b4f59a95082cea7530ec358650ccb7bde825aa7104cdc630,True,2024-04-29 09:48:03,2024-07-09 09:48:03
120,rsims@example.com,f31bb075dd421706df720f5c84a5e965b0a857b256794f61002ecb2addf273a1,False,2024-01-27 08:38:28,2024-06-01 08:38:28
121,reevesjimmy@example.com,6079b1bfae1e7b3bebef2d56b7f23c0dc960b801999f4290ed5774aa3bc5e57c,True,2025-09-09 20:08:07,2026-06-23 20:08:07
122,patricia12@example.org,a35dfbb86646a0684db6c76d6df188c68043d1f0843afef42c4b660bbe6fc43c,True,2025-10-05 17:27:13,2026-07-07 17:27:13
123,patrickhernandez@example.org,da1672d59f24e414ab79a389f044de827a84321c9a085d5d81b546f50cbd42f9,True,2024-03-26 18:29:12,2024-08-07 18:29:12
124,perrymark@example.com,0916bb1eb144b48ed10d5d182dcbd7fac0737b832de347f6db6e74e9949cb3ad,True,2024-05-26 02:55:17,2025-03-21 02:55:17
125,abrown@example.com,54cf90d20c71a9b5b3bafb77a34f39450785851281e131030792dd5bcf85cca2,True,2024-10-13 12:07:55,2025-05-20 12:07:55
126,gateskathy@example.com,983b3d08560984d7d9f7088646e9a239cdf3a608a091539b39734aa11e7c4b15,True,2025-09-02 19:33:12,2026-06-27 19:33:12
127,wsmith@example.com,b7234ce70fec23ce3293a4748086033c569f57888ed68b8863b88a3961626882,True,2025-06-04 17:50:55,2025-12-25 17:50:55
128,acastaneda@example.net,889a65f3b17fcf32a4489eb1fdd0ac523c04c2357e48935407197729c70cad75,True,2025-02-10 05:14:51,2025-08-14 05:14:51
129,tracynelson@example.com,594df5211ad4e2d60ed24ad14faaecc9b31b6c776007fda5cd280834a0bff162,True,2025-06-11 07:24:17,2025-10-01 07:24:17
130,priceelizabeth@example.com,814792729c8b5671124365c049f3d3982ddcda1a6d278f39ccd217efc146e539,True,2024-11-24 03:04:59,2025-02-02 03:04:59
131,marycalhoun@example.net,86c345d04a1f24aa21f5ba015f9034b4fe633174a945c98cec32bda92d651386,True,2024-07-20 13:38:54,2025-04-06 13:38:54
132,meadowsbrittany@example.net,3359fc7fb4be090ca0ca9e13554e52a5f0ca4a72ad023fc2cd84080c41f70647,True,2025-01-13 21:09:50,2025-09-22 21:09:50
133,millerroy@example.com,61f68ef36e93e75ed0b84c9a3ab7245cd102c41bb8b0fcebcfab6a5181040141,False,2025-04-23 12:52:25,2025-06-08 12:52:25
134,brentgray@example.org,fcb515cff2518fc2fcff56ec391a47062018f40a47c3454327ad3b37976028c5,True,2024-05-04 17:47:49,2024-05-28 17:47:49
135,wmurphy@example.com,183c4b54a2a9c689b70f9916a57350cb91ba8aeb99f60a3031c995731b1fdd30,True,2024-02-02 01:07:42,2024-03-29 01:07:42
136,karen64@example.org,a2a7166527a319c21285f8c69efa178a192f476e5c0b4d124b19d6ef997163a8,True,2024-12-20 03:16:09,2025-03-08 03:16:09
137,ismith@example.org,8c58eeac6d30ab2b7025d0ebffcea3dc8fe08c307390db0e75576a5cda748a6b,True,2024-03-16 13:41:07,2025-01-31 13:41:07
138,jeffrey10@example.org,1171266fb7d37433f72a93faf8a71121114c29fe0b7f4393e804938988cfc21f,True,2024-11-29 10:05:37,2025-02-18 10:05:37
139,jamessmith@example.org,f85c7cde86ad2546473b0697b8b90ec772928d593afdfa87a6ae85df17ce877c,True,2024-07-08 16:45:29,2025-06-21 16:45:29
140,davidcaldwell@example.net,9e6975c81e21908333ae72e9ff7d036b680191a866446b72e045a0f4ec43303e,True,2025-08-01 16:16:31,2026-03-05 16:16:31
141,stevenscott@example.com,78bf617e0c0b909ca4241e26587507d5295dd74dd55c00fae6397d1b92a021f3,True,2025-01-09 19:23:33,2025-11-10 19:23:33
142,catherinestuart@example.net,606b3ddb058d47be7fd0994ae10c3ab82465b16462bcd5488877853687abb710,True,2025-04-01 05:15:21,2025-05-03 05:15:21
143,stricklandfrank@example.com,0bb4cd214fd5580a777f76485c09460bd0354fe01264bf56ea60ae7350b151ff,True,2024-05-15 01:02:48,2024-11-28 01:02:48
144,lanesarah@example.net,b3b032c47cb46895234ce58d0808b25e5c1ff3eb0a5b06c9ce7f1b7b243bf0ae,True,2025-01-21 12:24:01,2025-08-04 12:24:01
145,tsanders@example.org,19d42a3832722dca0f4f0508d483761ac3b4d44f7e86718dd1879f58bf0e3cef,True,2025-01-28 09:52:47,2025-11-29 09:52:47
146,vargasmaria@example.org,35c7c9d4d2f2dea6fb677dd737ec4709b209501aacf08d2317db87fedc09efca,True,2025-06-05 19:22:50,2026-01-30 19:22:50
147,terrykevin@example.net,6b89eff5dc5bc3258e6fcfa320136732aad3a0be4ade8c8d154365640d73cfdb,True,2024-12-15 21:44:35,2025-09-11 21:44:35
148,hoganashlee@example.org,a00e775d61f069b212a40fbc905b401862513eaca58dc0f3948e145296b1b742,True,2024-12-20 14:22:50,2025-04-27 14:22:50
149,amanda51@example.net,261ac8c004d90fb36c2a7c9a3845521bcd073bd55bcd0d58a6bcd48cfe8744ce,True,2024-12-29 20:22:08,2025-10-08 20:22:08
150,alexander67@example.org,e96945ff3299a8ad3603c65f83e0de1f69f631e6a1e1b94139e77074ab87b1f9,False,2025-11-04 22:11:45,2025-11-09 22:11:45
151,oyu@example.com,ffaa0371e67dedf2bec913f9edde19743a3c7ca4cf543a8c1dc4765e8ca362bc,True,2024-07-20 10:58:23,2025-07-03 10:58:23
152,ryangross@example.net,74c92d01eb39a6b3b642a178a6b521cce8481118c7eb1a2128faaa33209d6b1c,True,2024-11-18 02:30:33,2025-01-15 02:30:33
153,christina87@example.com,e592cd5a95c0209fd4fe75f84e2df16f08fc76b106e6b616fc2f92b55ee68b9e,True,2024-06-19 11:21:29,2025-06-03 11:21:29
154,lpetersen@example.com,80428806b1d5fb59afb2f9982f42a080394aefe4395976c5013c17dd41c3f1c8,True,2025-09-08 09:47:23,2026-06-09 09:47:23
155,melissa14@example.com,fc7c3742ec0ea7d539da6137ee7038e6f65b875989240bb3117831cbc6f5b221,True,2025-03-14 13:15:08,2025-07-28 13:15:08
156,karenhudson@example.net,b31fc5669bf49347d1b66f5d5f6e32aa59b25ba4eca14e591d922b954e19b658,True,2025-03-20 18:53:44,2026-02-11 18:53:44
157,frogers@example.com,4c8bd8e58693e7e481cf10877ab8c5ab9272ee6fd21de06a14c5870e0e0bfa04,True,2025-04-29 03:49:14,2025-10-20 03:49:14
158,tonykelly@example.com,01ee779f84b71c8e99fbecdee0b996bc7fd268bda4844bfcc29c9aac2a7edc07,True,2024-08-25 19:52:15,2024-10-21 19:52:15
159,joshua94@example.net,8ab1e5a424505bbbc8ff95f0d872c0a89b81e3e71c34bb2ff20870e7d31f5eb0,True,2025-01-27 17:55:58,2025-06-26 17:55:58
160,blackjames@example.org,861c9233d62a8d90b2c0f996b1e23b893ce81df1f822038f50bd72868ba08ee5,True,2024-06-03 08:07:13,2025-01-11 08:07:13
161,wfreeman@example.org,e26d47ea573cf0c15fbc44020ba41d5f3172f06bf3c10fb0290b9c9063399447,True,2024-06-16 22:19:42,2024-09-04 22:19:42
162,fbrewer@example.com,d83f2d0da59de2659cddc5b1a826ba5eb56ad71eb201ea7f889a2c26508bafaa,True,2024-10-03 01:16:02,2025-05-23 01:16:02
163,davisjeffrey@example.net,b13775f05cc82d132c5f3eb04fc9dc8e283d9f22e52d57df1257d28d09419167,True,2025-02-17 04:24:45,2025-02-18 04:24:45
164,kevinperkins@example.com,626d978598753f042457261792b36b864504a2e154ba99f6fbf3ee7581b6506d,True,2024-12-01 08:21:50,2025-04-14 08:21:50
165,ronald85@example.com,3b77fa933b134c7793d1953f8a628b02d212fea2f20163044eb871e9b6994e40,True,2024-03-29 16:13:05,2024-12-10 16:13:05
166,qnelson@example.org,54ed5976952571dc99216acb6043d0d7159480f1951d0266ef7dd46ef47c7a88,True,2024-09-07 09:02:44,2024-12-07 09:02:44
167,griffithleslie@example.net,f468aa8e416b6b4f801941726f6c97e03d93295dab4b0969d2104d785e41fe3e,True,2025-07-05 22:29:33,2026-03-21 22:29:33
168,jamesrodgers@example.com,1e044e0c85ae396d9cce4de2c1d596a61c4c831710d0a941ed1eca52ad81df3c,True,2025-08-24 10:34:04,2025-10-17 10:34:04
169,tina34@example.org,da747c5b86394f0425fe2a3461cf557caf5b19f9d69412ea7e7e393f824c1d70,True,2025-03-12 16:57:39,2026-01-26 16:57:39
170,harry08@example.org,ac6d47ba141e60ac577d0c29bcf904c92b383f78281929918a0f1bc253a41f60,True,2024-02-13 23:16:09,2024-07-14 23:16:09
171,brandon08@example.com,435b83de50df3bc87cd3b74115a4ddd181d4a38dd51bc3fd4672387ba08ef409,True,2024-09-28 07:05:59,2025-08-21 07:05:59
172,danamullins@example.org,ff25a8660f8c728c8c4469784e12e3e0d3cde05b7308c3f9ffc904d07fe452f8,True,2024-06-30 11:30:12,2025-03-16 11:30:12
173,andrewstaylor@example.com,567ddb86c118c4776242b986f008d30ea49ab36a52bbadb4705a6ab51546a7da,True,2025-04-02 06:06:01,2026-02-07 06:06:01
174,jack04@example.com,af05d59c30708d0be34232495cdbf814a4f236d891d3afa3817b0270e48c836a,True,2024-03-28 21:14:53,2024-07-07 21:14:53
175,shortrichard@example.org,a6a8d8acf96cabc53abeb42bb0f284735ea3a85711d9fc20c08c98b401941bb5,True,2024-09-29 09:47:20,2024-12-16 09:47:20
176,hernandezlisa@example.com,2464ec477534bb86182dcd631afa00f65fb7fe74311741d373762eb5f5f4b629,True,2024-12-16 12:06:18,2025-06-25 12:06:18
177,mcknightdavid@example.com,31e38535ddcde1649adff0ec3aa41b0bcb6a528f02ac02dc6c9a4508a6fc37fa,True,2025-02-16 05:08:18,2025-05-09 05:08:18
178,kimberlyjames@example.com,f5e09821ab4f112cb4149b9e6d1ad081931adc67897baf6d5ccb5e7442f35aa1,True,2025-02-09 23:28:59,2025-11-12 23:28:59
179,michelle64@example.net,6c3b17da92ce7ca9984699807016dee369a48361c98a52d8782448bf0c364975,False,2025-11-17 23:38:56,2026-08-15 23:38:56
180,lynchjody@example.org,4e7c96cd772aa3e64e4a93d76c75c12e01c45d22abb5f50302eb155dea3c4b40,True,2025-02-14 16:33:32,2025-02-14 16:33:32
181,josephmiller@example.org,8bd0b3a0291c1c7a7d0c346b5b363de517da44aedf67dfeb24ad63fa4831bf3d,True,2024-05-30 12:35:31,2025-04-01 12:35:31
182,andreamoore@example.com,80ab15b41711496241e2a92ee86c0bb25672b3c53c729e886e99a50939529afc,True,2024-06-19 15:05:02,2024-12-01 15:05:02
183,enorris@example.com,37f1cfd6caf21c6e9783f75a26f0d105e488f6eafa5bad7ea5e088107e65aa54,True,2024-01-27 19:49:44,2024-10-03 19:49:44
184,halljasmine@example.net,dc815519d88d31e2bc5269269e3e76518e03ac2304d26f9ce4712665265d89c2,True,2025-03-23 18:13:07,2025-04-01 18:13:07
185,ojones@example.com,20d9eb08a87ccb8e50fcdbf06a03a771320aac2c37aa6e7ff3a467ec955ddac3,True,2024-06-24 03:43:46,2024-08-20 03:43:46
186,ronaldstephens@example.net,e2ddc53ccdbfe9ccf799eb8b8e1a55659944294683e2f5c35cb402b97bf7af6f,True,2025-01-31 08:25:02,2025-08-04 08:25:02
187,rebekahserrano@example.org,133c2ecc7ca42e02c46261a47d7a85306080a2422be751f3df3c302763de5e5a,True,2025-02-01 13:31:11,2025-07-08 13:31:11
188,martinkyle@example.net,cc16648b8743b91ecfdd9f9bb9f585dc7e7243ef4e9855d666ce2351ea1ea398,True,2024-01-29 06:40:50,2024-05-30 06:40:50
189,scott74@example.net,07aa71a40904e84ba3d5787daf333ff02216661c01fde4d9608c491ea4a96742,True,2025-04-02 22:55:45,2025-05-01 22:55:45
190,gbender@example.net,da887f74a608a645114e8449b5f06f369b09d6f8949d195bbd3d82508596f234,True,2025-01-13 16:24:35,2025-05-16 16:24:35
191,mkim@example.org,e406fb8fab63223455cf2f1e88377bf30cd898d9a921e2f3c023914f8d2109ae,True,2025-01-03 03:18:52,2025-10-20 03:18:52
192,mnavarro@example.com,de8341af5cccf7ce44287fade290abf5be7e1591997907b155f068c54d4cbbe2,True,2025-06-10 23:07:01,2025-07-20 23:07:01
193,davissuzanne@example.net,58dca3af4bd8923523dfb358ec9390d6de4ca530d28bca9df30e15ab6aa52ef4,True,2025-07-13 00:14:32,2025-08-25 00:14:32
194,keyemily@example.com,814b3d79722ea776cdb6ff55104bc574cd4273ba2ca21e07a02b283b87e45318,True,2024-09-23 23:20:22,2025-05-29 23:20:22
195,hinesgregory@example.net,49a11456373bc73651f07b51de16368c4f8c1bd8724a3aa7171e6a80c75f50d6,True,2024-06-17 02:11:12,2024-07-22 02:11:12
196,lmoon@example.net,46f6bb93dbbaa998068dc6e414fe50528a2d27dcd52060c8e06dede7a4c28d74,True,2025-08-24 23:24:25,2026-05-23 23:24:25
197,fwalters@example.org,0759fbc9999ca9ae96470f0bf89b9700c68fa502c3a8a62eece4cd397ad7ba44,True,2024-05-07 01:06:41,2024-07-10 01:06:41
198,vbailey@example.com,27419c0f0cf608943cfbfe01ea77f89af7dfa12f7c7111be1da5e8e7da058dc2,True,2025-05-07 08:03:33,2025-07-11 08:03:33
199,hodgemark@example.net,843a3e4ff1bb6743fdfd57d11d98561324fe0669b0a2cc71353602b6ea2d82b6,True,2024-02-08 00:43:10,2025-01-10 00:43:10
200,zroberts@example.net,4f666fef0f56366031484832032b7075c1b961eef3d16134254c20832dfbe19a,True,2025-03-03 03:08:52,2025-11-01 03:08:52
201,gibsonleonard@example.com,c039244f0a752d69a9df1e71e8d5c3dfe4639a32d282956c39ef3212847f2cf1,True,2024-07-16 14:39:31,2025-04-23 14:39:31
202,cordovarichard@example.net,c924c0ad42139816431c5f6ead2208b6c8ca1f9c864d037137e498f1512f3bbb,True,2025-01-26 21:16:30,2025-04-20 21:16:30
203,sandovalamy@example.com,ec6a3ded0ba6f8f141e41452e902b4d60438b3f865f7bb7dd58629bf48996cf5,True,2024-12-16 13:05:06,2025-04-30 13:05:06
204,lopezmichael@example.com,f88bb68dad51223cef7c21243851a36564c1402d52524ce81504b837268e8ada,True,2024-12-08 18:12:49,2025-09-04 18:12:49
205,nwolf@example.com,a10088fa9c562b7cbf3bd3ae85e2e47adcc8d6300da1c408e6f1f4df9140ee5a,True,2024-03-29 10:58:49,2025-02-02 10:58:49
206,sarakim@example.net,540aba00e73d998c076ff0ceb89d78b31987a4aba2353cd0e03f938c3e4e1a1b,True,2024-05-13 00:22:40,2024-12-15 00:22:40
207,omartinez@example.net,2509063f69b804bf0838edd8440267df0a28d83c18eea084d74c34fcb6c455de,True,2024-04-22 13:22:50,2024-08-08 13:22:50
208,jennifercollins@example.org,1fa6508387a93d856688c912ffa103935262a2b75af34bdac89f0b8a162cac7e,True,2025-02-25 21:29:45,2025-11-28 21:29:45
209,hdavis@example.com,ff447c08663c732a8892f65a6cbd12902cfe57cfe467e077056c801c2aa4ce3b,True,2025-04-19 10:04:20,2026-04-07 10:04:20
210,hollanderic@example.net,0a3dc8ec4453851a2d31e6ae94fad1c22f7ceb793c24f17ae7b749dd8614bdaa,True,2024-05-20 15:14:28,2024-08-30 15:14:28
211,william46@example.com,f650f37dacbb7319b199e42a37e252b79d8287e432b7de15cc1aad3768a6d99a,True,2025-06-16 15:36:11,2026-06-16 15:36:11
212,jsanchez@example.org,289205e3dcbeee23b90273118543f514504dbf05878ae92ed531f4cef835b1fe,True,2024-03-28 06:22:14,2024-09-03 06:22:14
213,mlee@example.net,249104b88513c1793e592304a483dbf21be1c5abcb81b95f70bff09ba786e664,True,2024-06-13 18:16:25,2025-01-03 18:16:25
214,michellehill@example.com,92d1c2dd2f580d427e7949f41d642bb4ca9590f9f55cdf07f247c0cee45d4657,True,2025-11-26 02:49:47,2026-11-04 02:49:47
215,sarah84@example.org,718800d7d13838ac663e1afcedf594a0e288a845650ef5eee0c3be930880ecf9,True,2025-07-25 15:49:40,2026-06-22 15:49:40
216,jessica99@example.net,3c96726c05530c691ce4d972d2a9b7612364d925e05cef6f36617f97d9b691bd,True,2024-04-08 03:15:20,2024-10-16 03:15:20
217,cgrimes@example.net,a14f007d8290dd9bd7cee43b980d7a3181114118bbe43299f4f6de7dbad115b3,True,2024-06-06 19:32:27,2025-01-16 19:32:27
218,jreed@example.net,914882fe9edd9671f61ad6377aaaeaf3267d443e2f9da908314bc063d9fe4a34,True,2024-11-10 12:20:34,2025-08-01 12:20:34
219,ugibson@example.org,37a92a5ab169b4ceef6d2da543aa2e1ac1e4fba8ac6554192dc5b47f20917000,True,2024-11-24 12:06:10,2025-07-13 12:06:10
220,ashleyhall@example.com,3f1992f8094642952b7f560b0ebc7f1e84240f3c285995072f4543b688bb7e55,True,2024-11-04 02:12:32,2025-01-04 02:12:32
221,floresthomas@example.com,55e5a843d8f7175f51069764aed2cdb981329c75b347444537120eb6bffbaf1a,True,2025-10-08 15:28:59,2026-02-11 15:28:59
222,ymcneil@example.net,682c01ab1570d9a2764bdff6ff1b998f18a3015b0523403efeed40f1d51e7d02,True,2024-01-06 18:22:16,2024-04-30 18:22:16
223,tylerjohnson@example.net,756cb43f5922ee83da8b8fcd61d583b948673050998c27f72c58fc19f1a5be27,False,2024-06-23 10:14:25,2024-07-25 10:14:25
224,molly71@example.net,07cd0594ed5f5adb543039c7607adc4cbdb7711db0f17116c0d829eedc739d2d,True,2025-04-09 19:55:26,2025-09-29 19:55:26
225,jsmith@example.com,8429eabd3ad7224140622a74eaffcc483c84238e70646d2a5038707de178952d,True,2025-05-04 13:28:16,2025-05-14 13:28:16
226,charlesharrington@example.com,513346fe6e2e2cdab871b51e3731f365b3d8ebda5c1afc93c6dc39230342d34c,True,2025-08-02 03:17:10,2026-05-30 03:17:10
227,cindy61@example.com,41b5c6958bd90eec052abaa6794d83402cea19abbe8511d5855d72af0bd66e3e,True,2024-11-09 17:09:56,2025-08-19 17:09:56
228,ofinley@example.net,451d7c7051397f4915eab8996dbc6f4dfa7bf752305975c259156cc5593d72ff,True,2025-08-20 06:13:33,2025-12-15 06:13:33
229,cbrennan@example.net,090ccf24a9c761717b3b9b5bd24feea8c8bf3b92f9affac0b7c74fef317c8f4b,True,2025-04-04 22:30:03,2026-01-30 22:30:03
230,younggabrielle@example.com,5448857636cee4164cc77f9a0068bd868a53c7c5dd64f0216b1c2301c1c004ac,True,2024-02-09 14:43:16,2024-05-31 14:43:16
231,juliehamilton@example.org,75b587133aa50c913d2138b7f8abc73a22e0024b5275051e5d8afd283c1c5ebe,True,2024-08-20 12:27:15,2024-08-23 12:27:15
232,wallaceheather@example.org,b3ec3d145b00bd087f2048912f6acb8ab4a47efd1a8c25d87a3492e4e1c4ae9b,True,2024-12-10 09:38:39,2025-01-15 09:38:39
233,nguyenbrian@example.com,5840c1883dc93dac2f12e197b93ae96beb11016b219495caff8389c387ccf656,True,2025-04-16 08:37:01,2026-04-13 08:37:01
234,ryan38@example.com,5d917712910925c895a05f85cf6de05db2898a74cd7b9d559deb8f9cf7ef6ae3,True,2025-06-01 11:40:04,2026-04-20 11:40:04
235,georgemiller@example.com,500c557a59e2ecaac20a19ec7dd545e6517507aedfff930937d285611fe0420a,True,2025-07-11 14:46:56,2025-08-10 14:46:56
236,tyleraguilar@example.org,a88cdee6a18380e474b7b45a24f10b0f872650635f6eabe3e6941d9bd3b33267,True,2025-02-05 15:45:09,2025-06-02 15:45:09
237,dlittle@example.com,fe1a0f0f53c2fe60ee9f0142814f3916fdd9850ecd403d5d3f45fc0738087073,True,2024-11-23 11:56:34,2024-12-27 11:56:34
238,nolansteven@example.com,7decd8c15d3ccf4682fe7b3bbb42bc5106beba939a8c9ef6b7a5aa0f36deefaf,True,2024-05-25 13:00:08,2024-06-10 13:00:08
239,charleslandry@example.net,1905cb1a8e48718bdd1e120fdc11f2473002e6c6c522f0711f54e169126fa56c,True,2025-10-15 01:04:14,2026-04-02 01:04:14
240,danielle64@example.com,b7cf1e6b4bec7a0824d8db3cc76ab39f769c5b57f13fab51e2c79b7f75e12251,False,2025-04-22 21:25:18,2025-05-28 21:25:18
241,james67@example.org,3fa817c940865a50408a89ad3dbd8550229be35f6753f87f8f00006695bb616c,True,2024-05-31 03:23:54,2025-02-18 03:23:54
242,patrickhoward@example.com,2cdddcd9a8c00cc024ad79c0c723f4f3cc8d329c98f5cc4543535a32ae4a9e09,True,2025-04-02 11:42:15,2025-08-01 11:42:15
243,andrew64@example.org,49b9a9833c6e536daa5869818dcfc047cddecfe217267dbc6af728ca72488982,True,2024-05-27 08:47:57,2024-10-16 08:47:57
244,lozanojulie@example.com,14be18543ab6ccef73d2bf67ccc8d82b40bce1b04f21c44e63f782a6b54f2237,True,2024-06-25 19:28:28,2025-06-02 19:28:28
245,catherinegomez@example.net,18c42eccd691b9a3e0dcd5e210c407d8104af8be619f26a82d10fab6e100e13e,True,2025-10-22 10:40:14,2026-06-27 10:40:14
246,christinebyrd@example.net,56cf38fd72ede33f761b09788ff8cff70bd968da407fc4734a6ab5bb831aa3ac,True,2024-02-24 14:45:24,2024-06-12 14:45:24
247,courtneyberger@example.net,98ae60401ce22b2c5c7121afd64c9c7c86359669bc69983931faf884c04e7fb6,True,2025-05-07 14:42:41,2026-02-07 14:42:41
248,parkerscott@example.net,179c90e02b415721d907fd50951043ee966970c8ca00ea384975ae35bf0a19c4,True,2024-12-19 09:31:35,2025-02-24 09:31:35
249,jessica14@example.com,14be716fef29f73e72815b851c3e368c7e9a2e2ae6d6435ae3141b054931aa5a,True,2024-01-23 14:29:04,2024-11-10 14:29:04
250,ithompson@example.net,faf8bd17f7de94b11abf8dc9e76189abecd350230ae9ed4809990eb817cdd93d,True,2025-02-23 13:17:36,2025-12-15 13:17:36
251,alyssa42@example.com,6fe3225424959dd18228dda334a84011a3ba4b446d71bad8dd19cdb1452be4c1,True,2025-10-04 13:13:39,2026-06-03 13:13:39
252,scoffey@example.net,bc2232c762ffd8e319e7f8cd59273611986040decec33489b69854e9eda7716f,True,2024-11-24 00:44:43,2025-03-28 00:44:43
253,linda71@example.org,a3daf9902cdbb165d042ec993135f9c9ce0dc1db05c00070e2e86798acb0b8ac,True,2024-02-05 19:36:26,2024-10-04 19:36:26
254,michelleramsey@example.com,af74cafaac7bef5b67456c4e39aed02634efdbba4c3d433b0fa55ddcb1495129,True,2024-07-12 23:24:14,2025-02-05 23:24:14
255,christopher60@example.com,25c305d7a40cd517884486e488440e7edea8c835d99488d6c3a5ab87bc65c163,True,2024-01-25 17:34:53,2024-05-01 17:34:53
256,gibsonemily@example.net,ce6ae8215b39a32bcc9ebde01e4817250fd58dccbfee69e9f82e1ffb74fd5ce7,True,2025-07-16 01:45:43,2025-09-02 01:45:43
257,brenda51@example.net,04af3190ef221a250a8faf4b2d6a6f0fac7f7e5a9830ae2689c86df0233a2d1f,True,2024-09-28 16:50:58,2024-11-16 16:50:58
258,thomasharvey@example.net,b2693fcf8c61c5a023eea4fb714a189bf8f22efdac22da963b293308c4849fa1,True,2025-05-16 02:33:00,2026-04-18 02:33:00
259,rose31@example.net,5e81066ac02370fa30aee3fcfd973233af59659f3f541f6e07d8fe9673917f6d,True,2024-09-23 10:28:02,2025-05-01 10:28:02
260,tblankenship@example.net,e94d883816a387d86d716b9e7b080059e321a25eb8f50c6c2c1cf94b4e93b089,True,2025-04-04 13:37:18,2025-10-02 13:37:18
261,cwilson@example.org,d6ba02bcc5a241fe4380f683c05f047bbac8b626b23e389b07931237ae96b1fe,True,2025-12-09 03:40:43,2026-07-13 03:40:43
262,wendy11@example.org,1bb315fc631545254b6160b4b0c129a2b66427aa40116bfe47f23e4a4ea2dec2,True,2024-05-13 03:03:49,2024-12-09 03:03:49
263,paulwatson@example.net,0bd36e73dd367ba9d4e38b82658546053ae474fcaef2349c102424d4a6696ee3,True,2025-03-12 19:59:55,2025-11-06 19:59:55
264,umatthews@example.org,75883781c8d5b4337352d49a8f8348340f809949afbb2b70c9569b50dd3c0be1,True,2024-05-20 17:08:53,2024-06-16 17:08:53
265,fpena@example.net,6ac42f339ad1e82be030dcde1fe80a87e1d2134ad67d3790e082dd0a84002c9e,True,2025-02-15 16:55:27,2026-01-25 16:55:27
266,rcrosby@example.org,c41a08275ea05f1f0f19d9f8f795b0b63af4b42f4d4e80a1399de4eca5b91a75,True,2024-10-17 13:15:59,2025-09-16 13:15:59
267,jeff73@example.com,e6a63c62eff4f971535697fd864ee6319f376c4b1e8211c7a29342036ba4b1eb,True,2024-09-26 13:59:43,2025-08-22 13:59:43
268,pollardmichael@example.net,ad5e0620d7810499333ad28e898e8aab94088a935da5c1985c8f6ac480307ddf,True,2025-08-13 07:45:52,2025-10-02 07:45:52
269,bruce43@example.org,052792dc27750160586486539bf052ef90bc5966a1db0bc0e52ad530fc495c58,True,2024-11-24 21:02:42,2024-12-25 21:02:42
270,ndavis@example.net,f138ca2156007c5cc3acc8eb2613b23a565e6b8ec7159070a13f946ccee86de5,True,2024-01-04 09:37:59,2024-07-28 09:37:59
271,williamsmatthew@example.org,a7e8e564da5084ec6057203e6be2b743aeb9cad91b36f97c37b3eabbdc6711c0,True,2025-01-06 21:21:27,2025-06-28 21:21:27
272,caseyhubbard@example.org,8652bae5c1b4f8aebff04b72fc82fa8b766dfb1cc6c5389e8b6be60fba53fc43,True,2024-08-13 05:05:40,2024-10-07 05:05:40
273,lisahall@example.org,664cc4103e41a8f655a6b24c0d773e3c58ad74abff19cf79ad46c958cb1f9285,True,2024-01-12 19:59:23,2024-05-18 19:59:23
274,ramireztracey@example.org,ebbcd83a023539812487c5eb9e57ff3bbef92ea6a6e90b66cec884dbd7d2afd5,True,2025-02-12 20:35:18,2025-05-21 20:35:18
275,lauren10@example.org,33ad28f4e480822260c320da7a03fe3d51557d14a2aa7e182657489f2825139e,True,2024-07-13 09:43:24,2024-10-18 09:43:24
276,howardkristina@example.net,20c3ec0e2982c4370887d0f2c73933ca0ef98b484c315c1cc3be65f489bb7fba,True,2025-07-06 15:26:52,2026-04-06 15:26:52
277,alfred40@example.org,cdcfb8fd7bc383031c10d297213f19cbb2351b343e358db4ddd414b35ce469d2,True,2025-02-17 13:20:15,2025-10-04 13:20:15
278,vfox@example.org,27c5f041cb3693393fda791ca72fae20850dacd8edbb8d037d8097ce8cafad85,True,2025-10-15 22:20:29,2025-12-25 22:20:29
279,xwest@example.net,562a780901f541cbfee32552ece8a98879788cdafe0895797fe95223b42045e7,True,2024-07-08 22:33:39,2025-02-09 22:33:39
280,hayesjeffrey@example.net,ccd5ab372332dcbab10e18a66c5bff6d007b1252b028d1f966e35595680e08af,True,2024-03-16 19:04:27,2024-06-17 19:04:27
281,acostaregina@example.net,c4218eeb30565f272c6b2155e420837b25b74c07ac27dde24f5e7acc51c86a2c,True,2025-07-15 02:18:54,2025-12-04 02:18:54
282,stephen00@example.com,a3216887be1279368c9f21bb0de460575a13743a22043aa18ddf20371d0059eb,True,2024-02-18 03:58:31,2024-10-11 03:58:31
283,gsimmons@example.com,5dcc1eac4a6d9253331615ea8ec0b9f9659a8034d8443c4b9a6ea5cbc1b33a8a,True,2024-08-02 02:05:30,2024-12-07 02:05:30
284,fjones@example.com,ebc84179d7f9bd61229b50f5518030e39fcafdba39b767e9054f5f28edf6ff23,True,2025-09-04 16:31:45,2025-10-12 16:31:45
285,cameronhill@example.net,7ecd63a69c5894827fe0c9f488b642cda0c4ca11f2ec910284cf8eff937fdc09,True,2025-07-10 13:53:08,2026-02-21 13:53:08
286,oscar98@example.com,3fc2ecf37226403101d08e83e58106118ef85c1bf78636888afd2e77776bb358,True,2025-02-27 09:43:36,2025-12-05 09:43:36
287,bwagner@example.org,2b60ca5ee00319699de9bfee3f56b9180ed800d986aaf85abe482d7fa5db8155,True,2024-07-04 22:56:36,2024-08-23 22:56:36
288,farrelldebra@example.net,67437bf9e974d515a818f2fd103cdc8d6d66dd4397b762dce9cdad2df0944b9c,True,2024-05-17 18:24:54,2024-06-11 18:24:54
289,russellbeasley@example.com,495c0fb1cd109f87b0839b0211f0121815b5075fd8069ea4a757c8c4ff74797e,True,2024-07-17 18:44:59,2025-06-15 18:44:59
290,maria66@example.net,849b0fb6e23d56b609f9e2bb4eb20a0e94f2628f5891fc91a499d787d6b808bc,True,2025-02-21 08:36:50,2025-11-24 08:36:50
291,edwardslarry@example.com,d2dc38b55ea1a8d6008f7a0f1b00b58bb4c8b0815c906f9e89116d8fbba55875,True,2024-03-22 22:02:56,2024-03-29 22:02:56
292,stephanie71@example.org,ccbc661c0112b646c05a3ed3b24ec25f39a51445c1a0858203ea0cc17985b55d,True,2025-11-14 19:33:35,2025-12-31 19:33:35
293,daviscolin@example.net,afbd089295fcd442196e3d0b467e844d223197b625650cb3e1514471430c7aee,False,2024-03-17 06:11:49,2024-07-16 06:11:49
294,lisa80@example.net,9953d2e4a25877a83009a504e85930c811db4bfb1c9b47b380f3b079820f46dd,False,2025-01-09 13:03:25,2025-04-04 13:03:25
295,elizabeth65@example.net,e7564daeaa3be7ce8e555173d872f65d2180b60544da910e5602b85e66444608,True,2024-02-20 16:43:03,2024-09-15 16:43:03
296,uparrish@example.org,9eeefbb49d0c2d9ae5399e8145cc16b3bf1884a35ec5f42d5e840d37107017e3,True,2025-01-24 15:04:21,2025-09-29 15:04:21
297,caroline51@example.net,63ccdb4b6aa514c2fa668d48797db35a474d353ec9a62126ac281bfc09ba522f,True,2025-04-02 05:27:33,2025-12-04 05:27:33
298,ericolson@example.org,b8d196ecc6b95b700e1c39a6c34134572131a6cfc08bb63e5abff39fcf759dcf,True,2024-10-23 18:43:53,2025-02-09 18:43:53
299,megan51@example.com,81c1259f5735e0ad90fe18306534fad420a64e60f3566232dc784c961320ec45,True,2025-09-30 01:35:36,2026-04-23 01:35:36
300,lindsaybruce@example.net,b686484ba5f56bbfe960a3477cfb953a45f82e8041c2be6f6bd77204e300ada3,True,2025-03-20 10:19:59,2025-04-19 10:19:59
301,lynchdiane@example.net,11e19f89ade0049d9f8320fa4f6d0335c053c2895ae11582ae8a40a1eb67f897,False,2024-03-22 03:03:59,2024-06-14 03:03:59
302,anthony44@example.com,d0088d39e3c701251e24f062b289dd947ee27f9bc3ed10d9805b19d11274b692,True,2025-11-16 00:01:29,2026-05-29 00:01:29
303,adam29@example.net,d7aacafe8fcf13ea7e4338e0ffeddd55c5cb0d64888a5ac8714c22f5b7de9ab9,True,2025-06-28 12:57:21,2025-06-29 12:57:21
304,vjones@example.net,03b57d3875dcb188bab4d2fb4395e948f4960e61214dee12b528f93bc94573c4,True,2025-09-07 22:32:12,2026-03-25 22:32:12
305,davisalyssa@example.com,7c4f7ba01f13490ff981fc98a4fca803e631878fe4d537cbf9d2963649d9a7c4,True,2025-02-22 13:31:42,2025-07-07 13:31:42
306,kchavez@example.com,5ab344249b8f22d3670cc041a0bd3a0fafee6be7afdb9b41f7b3d3851cd02ac2,True,2024-09-20 23:21:59,2025-05-10 23:21:59
307,jennifer99@example.org,d744215d6b9a89d95ba75fc77fd81637be0e006adc5efb1a723635ad481e52ef,True,2025-11-24 09:17:38,2026-04-19 09:17:38
308,moorekaren@example.org,ae844ec13602826b32c365bffb45359292c8317646bdfa694130bd245d898668,True,2024-08-17 03:57:44,2025-03-21 03:57:44
309,nelsonebony@example.com,7406526d96f89d5f2f9ce2907971b724df615b7725f47577d56b7f4bdf2bdb78,True,2025-01-12 11:16:42,2026-01-03 11:16:42
310,nperry@example.net,ef1cffbdf2cf05c9357babece42e928cc9b7b4d4fd8cb2059ca346c41b2c633e,False,2025-07-22 18:06:08,2026-05-02 18:06:08
311,reeddaniel@example.net,bd4e71ad5d582ff7ab303a69cca391ad6f6778106c69090d3b391b19454f9b26,True,2025-09-25 20:17:40,2026-08-29 20:17:40
312,trose@example.org,49d41f0e3dcfcbea4f532009634256a9dfaf4711e9fa0c11b5b4d1688afefb89,True,2024-02-25 09:08:05,2024-10-31 09:08:05
313,randallgreene@example.org,8a86a0fff7478ff8a8bf34eee5238c60a1bcf91a385258384cf15b42c1e5e886,True,2024-03-04 15:43:03,2024-05-22 15:43:03
314,kevinclark@example.org,6aea36643f01b14f85cccd6c230222e9871e5881191e8d289753f8dd2fc76202,True,2025-05-26 16:20:08,2025-08-31 16:20:08
315,keith10@example.com,b00e9c6fe3f61c830899d4b3019cd3e79d8064df8c59e2b48c3ad950d35462a5,True,2024-01-27 20:02:04,2024-06-26 20:02:04
316,ythompson@example.net,9d66b07d5fe58e11846181060c27993a651f31162cf737401b90c06f1c407442,True,2024-05-14 16:44:36,2024-09-02 16:44:36
317,vincentwhitaker@example.com,ba0a797b878eb473c131c2375c38d9b4ccb8497d8402bfe941f9e0e90d5a14cf,True,2024-11-23 01:14:24,2024-12-22 01:14:24
318,sandersjudy@example.com,d6a75b8c7e0d1aa46affb9f21ce721018457ce97466db7b64c4c2117ead5d4b4,True,2024-10-09 11:22:18,2025-08-01 11:22:18
319,stevenschristian@example.com,a86e776af8dddeb8623fca7103a696ee635f817a10fe379ed08a0d61a5ccae5f,True,2025-04-04 02:53:17,2026-01-06 02:53:17
320,tberry@example.net,6f873b2d39dfb9c7e204a01bba0fc582654253b88a16c800c0f18096a088b385,True,2025-09-13 15:26:57,2025-10-14 15:26:57
321,zroberts@example.org,20cd3d769612c1b4168c097e01e8c7b0dcc658f8d25347baa30e74763c5d1ec1,True,2025-08-20 16:49:16,2026-01-27 16:49:16
322,george97@example.net,8379e4e2d26c039be99a318caad5be3be89ef9e9861acd0d33a2d0be11aab0b1,True,2024-07-23 09:54:20,2024-08-21 09:54:20
323,christopher13@example.com,de8271bbad00b07629929a2b81b32b87df70210e1359c84961a72f82721ff8ec,True,2025-10-28 04:15:00,2025-11-22 04:15:00
324,zwarren@example.com,9b7c7bb775b5b6301c45c234462edafe86dafec41f0b1f68adfb39dd5aee122b,True,2025-05-05 14:25:18,2026-02-28 14:25:18
325,jeffrey21@example.net,3c64988fbb42d1264fc0d29dc0666db7ce209513dccee22fbd79a06822a69e87,True,2024-10-01 10:11:30,2025-06-02 10:11:30
326,schmidtjames@example.com,2db00b4b0c737a81fbe1e4e56a27a460cc6ab1c92cc8b8c1cb576bb22ea5341f,True,2024-08-03 13:09:05,2025-04-17 13:09:05
327,jessica23@example.org,fafe68507c412d74d115e1a16ae828c1732fe36c23f749db89731cf62752d5a7,True,2025-11-02 17:40:36,2026-07-31 17:40:36
328,jonathanthompson@example.org,352b1adedc9e8b2f5747d5b7d83e343673a7a47f40cfb6eaabc7a877b3e435a9,True,2025-10-10 17:37:25,2025-12-29 17:37:25
329,thompsonkendra@example.com,c34c69185c63d73b72000b388e57b21427a8e4c2e61ce9bad99ad78fbcd8ed05,True,2024-07-21 15:45:03,2024-08-19 15:45:03
330,wwebster@example.net,1ab5523d9eadfa83b344d18721083871c5162b9035ebedd1898e95735b928fea,True,2025-12-07 05:56:59,2026-08-24 05:56:59
331,kmaldonado@example.net,4339cb8396636b1e8ad9eabd30f1450f44da3d887fa9072794258e1b67d2000a,True,2024-01-03 07:37:54,2024-02-13 07:37:54
332,michelle52@example.com,dfc91b2b9953f511ebbf4a2b9f065d59dee92354e1bc69c38d8f2cdb6dc8288f,True,2024-05-06 23:57:29,2024-08-09 23:57:29
333,harrisoncrystal@example.com,6fa3c33273856f931dec54ae4c87dd70ff9bacafb9d52664d3ba8423202d24f9,True,2024-03-29 03:16:43,2024-05-03 03:16:43
334,bellcharles@example.com,af327ae59fcf6274bddc05fcd3bedd1a94ddfc68756f566c7dc8dc8ca5b5aa56,True,2024-06-13 14:06:10,2025-04-13 14:06:10
335,xjohnson@example.com,8a76c7c162f0b74c50f154eec61400353ffda2b7a2820191284c4554f945d7d8,True,2025-05-21 06:15:35,2025-06-24 06:15:35
336,newmantiffany@example.org,c73bb5d5960996939d28ce6f3a212d0cb5bdf4cf94df855744ce33d9924d1e0d,True,2025-07-20 05:38:54,2026-06-30 05:38:54
337,jford@example.net,0d15fbedeb6e76c882aa63c105793ad4fccf1ea0fd536a82bb5ed3f77c033b88,True,2025-03-20 19:26:44,2025-07-18 19:26:44
338,colelisa@example.net,8f946a653070a18ec7a69a1c8a06c5c38030a4f13a62d00c24bd48a290b7f094,True,2025-05-11 18:39:20,2025-12-03 18:39:20
339,marcalvarez@example.org,b74d992283efa2906940111e0057aa18b18de505b0ff19b56f669c966efe416a,True,2024-04-12 21:03:29,2024-06-12 21:03:29
340,hayeslisa@example.com,bb5e41e5a8f7e63738aa60033343e7cb8fb0096495bc28e374c57d00ea52712e,True,2024-06-27 11:17:24,2025-04-14 11:17:24
341,wagnergerald@example.org,0d97b9b9f82811ab4a8be75372cee69d7dad0eb20460312bf0abc9f1e4b94dbf,True,2024-07-22 03:02:02,2024-11-25 03:02:02
342,hritter@example.net,4fa6195778e6f45c52f82dc2c65329913c85db3c000a776824a6b4b6a50e3a20,True,2024-12-15 23:55:13,2025-10-07 23:55:13
343,michaelhardin@example.com,75f6bc5c73ede41fb649471bfd360b6ec67b2638612ec4bddad8839cb5594e11,True,2025-09-06 02:36:47,2026-07-07 02:36:47
344,rschroeder@example.net,cc57f2ad784a16f5a730fa2c89b07c14fae69f6b9ff9efb5522b7772ad03a705,True,2025-06-20 00:50:19,2025-07-10 00:50:19
345,mccormickdeborah@example.org,c60b289eaafaf57eb21bdf4999dd90cb22c73bbbcc47337d535b8b43b9358eb6,True,2024-06-24 17:30:48,2025-05-07 17:30:48
346,cody64@example.com,3d0b80ed539c5c792ca00835211af2c4ef028bc584a16d6b5bf2f15018ce8515,True,2024-07-29 16:53:57,2024-09-08 16:53:57
347,mathewaguilar@example.org,a31f38b2cd4ee2ffd9290c4c9927f307ebf9446b178c1a4b48765eff446913ab,True,2024-07-16 04:52:28,2025-02-15 04:52:28
348,kyle62@example.net,78658a0dce3945b70e37c561c9a9779e7e218e47eabbec8278168c2bc6e3f0ca,True,2024-09-30 11:30:52,2025-09-01 11:30:52
349,collinsnicholas@example.com,f51c489d0cad86ffd9d40552c765a37a3928022d861b77976d77873f34fb5c7c,True,2024-02-14 07:26:30,2024-12-08 07:26:30
350,elizabethcalderon@example.net,15df8ad03db7dd8cb577d37953f579f167657b2643d095bc30361bb70c781ad4,True,2025-11-10 12:00:16,2026-08-26 12:00:16
351,lucasrodney@example.com,82c0205b893a0ec71b0fe0321ae5f6c8bd988e26504a3f8d6d1bc7309c037c3f,True,2025-03-21 16:40:36,2025-12-13 16:40:36
352,coxhenry@example.org,a4d588b7c5bcc4356e9f33e5dfa3a619818acce4475aafda1d5d1c6479f78b20,True,2024-08-31 03:09:57,2025-02-08 03:09:57
353,stacey73@example.org,7ec6b1c4e981f77b757b1aae58defc461798f38d25c9a47721132bd1a2dd203b,True,2025-10-23 07:03:53,2026-03-05 07:03:53
354,ericphillips@example.org,73e16697dc13a87d12b62dbf54df82c87338ca9dcac2fe783db6df2f45b0cbac,True,2024-12-03 05:03:57,2025-03-17 05:03:57
355,stanleynancy@example.net,170f80caf22c2af6586e0a3ffdfbe472749172b20e2a5285f5770366a66197bf,False,2024-02-05 09:43:44,2025-01-12 09:43:44
356,carlamoore@example.org,ddb18ca7280b2d76dadb72a2bd7711c558ee4bce6a37acd62f92d2f9d67234cb,True,2025-04-17 15:52:47,2025-09-24 15:52:47
357,jenniferwilliams@example.com,74f476045beaef2f1fed8e16d13a17c2b010bdf74ce2c5a2dd2a36f94dffef0c,True,2024-10-24 19:46:41,2025-02-23 19:46:41
358,tarabishop@example.net,8cfdf160a063594da8363fe934a97406b858d4790a38b2a02342d92808b09493,True,2025-07-22 10:04:37,2025-12-04 10:04:37
359,pyoung@example.com,95b8e64d3cebe6023b8ac9e9546ab871f354d407fadd93b03f8a5aab4d74728f,True,2024-06-27 09:10:42,2025-01-15 09:10:42
360,mmckee@example.com,4c3e3952486a25f3e4c7da5ba42a15f8ed09ad877b457c2d2d000a4640d061d4,False,2025-02-11 11:10:48,2025-04-19 11:10:48
361,smurray@example.com,1507cd182165d2376b78771d6919d466d552d4885da934440ac49c9f4797df50,True,2025-09-01 05:00:03,2026-08-10 05:00:03
362,mburch@example.net,eb94174bf7d7b90cee3a1ce9268bea899020dfd3184c64bc3adf266e5bf6cb64,True,2024-02-24 23:19:49,2025-01-19 23:19:49
363,moniquewilliams@example.com,27f09ddd35bae4e0f2f12b0c7c962afb23ff2f7133895c75f940c3b5d98b281b,False,2024-11-11 05:29:26,2025-04-13 05:29:26
364,angela18@example.org,c6f8769e934bfaf0cd71e8b490aad69bf05e9feb5818572e28b9981b396e30f6,True,2025-12-11 13:57:50,2026-08-02 13:57:50
365,christopher24@example.com,4131d70e73aea2b8abd276ced4ad0084c1f4c3f2c764dfa158a51771f32ba595,True,2024-09-12 05:36:44,2025-02-20 05:36:44
366,mariahdavis@example.org,dec9b0e3143e854b4c83ad37d68aa0e4d634e9ecd34a9e5aa8e8b428068c1b0d,True,2024-10-06 07:18:37,2024-11-12 07:18:37
367,bwilkerson@example.com,b6fa9e670d98441c760beb5195bfb4b3cac8925db6dc3a3a78dfcd9fccbd3ee1,True,2024-08-28 19:55:18,2024-09-01 19:55:18
368,sandersnathaniel@example.com,0f0350f1a5da486f54c912995a9f35bf8979d66a256524f03efc47223daf872a,True,2024-02-23 05:38:11,2024-10-14 05:38:11
369,brooksanthony@example.org,c206aba4cda536762750e6a19cc428d55f48ad55ccb2ff00f45b213a1e404835,True,2025-03-27 12:55:26,2026-02-08 12:55:26
370,lacey20@example.com,72678e6f7596d19c2fd58cbc50f567f064d882cd293755f6555742d17bbe7d29,True,2025-06-11 00:45:17,2026-03-26 00:45:17
371,ihorton@example.net,6f55ceada6186aa5f03fbff96238fbd9a354c8753c18f2b6a54c2c55cdbceb86,True,2025-06-12 12:17:08,2025-08-02 12:17:08
372,awest@example.org,dcf76790e16032d953530a77e1982dd74c46589d171ece5c9e83cf72b65d5864,True,2024-01-01 07:47:52,2024-02-07 07:47:52
373,scottmary@example.net,dbfaf920891c0a688a5a48fc920e71b46cefb6162b9274d291333a6737ca561d,True,2024-05-01 16:57:03,2025-01-31 16:57:03
374,srodriguez@example.org,8692bea1adadcc8794cb7e667b51af528d254580308ae089c7855c8c9841d923,True,2024-07-26 19:41:34,2024-11-12 19:41:34
375,david36@example.net,32ff24fefb7cf37d529e2e23293e981f4b365b761b7e01bcf4189f8df0d7814a,True,2024-03-17 04:18:33,2024-12-01 04:18:33
376,fbrown@example.net,771abe373804691454929daea0f510a45dd8d52b08aa6dc643fa4d1fd778d38d,True,2024-08-29 07:10:40,2025-01-11 07:10:40
377,chenbailey@example.net,0887acb5745c01fcf0bad544722d320f200293535d3d187573f3ec375d2aa01e,False,2024-02-18 02:32:17,2024-04-25 02:32:17
378,kellysmith@example.com,7db365a29009fb2de627cffab2dc104cc00900ac56af14920286e53d7ec1f1f9,True,2025-01-02 10:06:20,2025-06-29 10:06:20
379,ashleylopez@example.net,cd019300bb608c675c0286c653a4928a212080ce9cdcc67c8881ba32b51bbd31,True,2025-10-08 11:43:25,2025-11-12 11:43:25
380,millsmichael@example.net,5d5520c58f73e3ed1753d95d2f678706ed7bf548c01a9a044204b77a7161caf3,True,2024-08-28 22:17:07,2024-12-31 22:17:07
381,myerstheodore@example.net,0b4baf205ceffdd56c013124e6f7a32555eab5ced9892e45dc11e5c2315c8156,True,2024-06-29 16:59:56,2025-01-04 16:59:56
382,qzavala@example.net,431cab890f2b7502a54f6c2d29858b5fac0ec480e79159976d549c50f42b6823,True,2025-08-15 14:53:55,2026-01-07 14:53:55
383,kellycarlos@example.org,3fc168af5ad54acbe34d5c27b42fa2fda843ec793f77a7065e33af5b03dec95c,True,2025-01-12 13:12:04,2025-04-02 13:12:04
384,ingramjill@example.com,0f48ce787639967d851863cc4db0100ab26934cf16d61583140266ed9e08ec6b,True,2025-11-12 08:21:32,2026-06-24 08:21:32
385,bradleypayne@example.net,3a0d2e2ca0bdbdb95d9f8c4cefe7d140d1bc502f3a5907030e73d603a10191e8,True,2024-08-27 17:51:31,2025-06-01 17:51:31
386,mariacohen@example.net,9fa57349fcf119d29a5346b4bc5b251165e777d32d8d5967fdc0188cadd84d13,True,2024-03-27 23:57:36,2025-03-22 23:57:36
387,zwelch@example.org,88ea80498452326b72a9eebb91c3ea7067df536da02ac2abfd5a8f14930e4df8,True,2024-06-04 21:20:09,2024-11-05 21:20:09
388,baldwinsherry@example.org,6d019464bcfc1887250bf58cd6a29217934c40587976e40cc6f32457abb6b352,True,2024-05-20 16:48:01,2025-03-29 16:48:01
389,james30@example.com,20dcd83d4e0513713ccc5f463c245ead671b9bd926bc2ef02aa03138f92d4aea,True,2024-10-06 22:26:19,2025-09-05 22:26:19
390,zachary87@example.com,3da9cf502b10bdc9a2f14fee56bfce637d213b8719ec60a192fabefaa11fc94d,True,2025-06-05 19:19:06,2026-03-02 19:19:06
391,mullinsjames@example.com,b47e991b11457a53b212569dae390d7aa9863e70563487700e0aec9479446134,True,2024-01-09 19:20:20,2024-01-13 19:20:20
392,glennmartin@example.org,5bc464be6407a43843e0c2786a3956f7480f38735e3895f2694b5dae4690d62e,False,2025-01-04 18:32:20,2025-12-11 18:32:20
393,samuel67@example.com,7ca593d71d242c49c25b0e3c9dc15014466b34d80febcf86806ef661fa26b770,True,2025-12-01 02:15:27,2026-09-10 02:15:27
394,terri77@example.com,edf766c2c00342fd02ba8d769bc8ccdfa4513558d46f3eed100fb9e6526bb03c,True,2025-03-02 11:01:44,2025-08-02 11:01:44
395,laurie61@example.com,bb661721bc3873ef69ea421a9ffd5d336101469a34ae72625032da818df6eb89,True,2025-10-19 14:39:18,2026-09-23 14:39:18
396,amymorris@example.org,e65110f801f5ddd706628a5d0c9cb45384f1569f37ccb6dba4a9c06a43a9a7f8,True,2024-08-22 17:16:28,2024-10-14 17:16:28
397,donna47@example.net,4b1ad068c9fcd4d4e507af89ac5d82033ac8699d975ed004163826868367f093,True,2024-11-03 19:14:05,2025-01-10 19:14:05
398,cjackson@example.com,36aa5c095f3d664d05482e4b953f9bad152b6c86d842db6dd9b1193e53b564b9,True,2025-06-25 22:31:48,2025-11-07 22:31:48
399,wwilliams@example.net,e40da79b5856518f8d19e1e7c289f3f37068c4ef6530e7165a9979e486a4de0e,True,2024-08-16 02:51:25,2024-10-14 02:51:25
400,yhill@example.org,d51cc7af6b3cdd1be9785e734160b4db5584b1b564d8cd151ca961624b4cdd88,True,2024-03-24 05:35:31,2024-05-17 05:35:31
401,lambertrichard@example.net,5e291592d271c5eeabe1e52c4a9037ab52cdc0ac0f6f774539df3cd76f4eb6e3,True,2025-04-06 19:30:49,2026-01-14 19:30:49
402,stephaniethomas@example.net,ba75e25dcc4dcf4234863e55e84ba0fb156544749edbfadf06f7539d0fbe33b9,True,2024-03-11 14:49:02,2024-05-29 14:49:02
403,ejohnson@example.org,55df23d0f047c5580b81bc7bbb7941192af4ec92cbe4a0163365a643235945bf,True,2024-09-23 11:19:56,2025-02-09 11:19:56
404,michael90@example.net,492a2831ca320b94de1892483ef55dba2f241cef9974a6d8e756d7ae82386164,True,2024-12-04 00:56:08,2025-04-27 00:56:08
405,erikarush@example.com,e087ea39e5cc9f0757614880bd8673ad2a65c1b6cb785f4ccb63379650f973fb,True,2024-05-01 16:34:52,2025-03-06 16:34:52
406,khines@example.org,8953ffbd80e1aa8b4368078c4292a29c6618021076b5973f6437fe2dce40011b,True,2024-02-12 12:21:16,2024-05-29 12:21:16
407,raymond43@example.org,55977a163eb92fac01e39f1a6827587089dfb6ef724949fc0d8d1386cb6615f7,True,2024-08-23 01:03:25,2025-02-14 01:03:25
408,fitzgeraldvictor@example.com,70ac1a3587f7ac8513eb0c90b080673b7f6fe3ff6f2b123720d8bbffea654ae4,True,2025-06-10 17:38:46,2025-09-22 17:38:46
409,greenjorge@example.com,08611f43149dde6da6d04c4b7c75de2c8f0cd1c9a143c724cbb7011df6b73f3e,True,2024-08-05 01:38:52,2025-07-22 01:38:52
410,wendymitchell@example.com,9b7586a2fa6123332d38d2d2a7cdb08dc1d5d2f19de35601de5866bcdab1ce11,True,2024-05-07 07:01:52,2025-03-27 07:01:52
411,davidfarrell@example.com,ec70d4ece3b26e7d1aa78f70b174af75f994ae9a9c9975116032de38e0e5a32f,True,2024-03-02 03:36:06,2024-07-15 03:36:06
412,rachelwallace@example.org,f7f727a10aea0b44eb9076396349843427318a56f047bd00b6c20900d65d81d7,True,2025-02-21 14:47:00,2025-11-06 14:47:00
413,elizabeth18@example.net,8409df0b646e557cf4d446b9b9c3b5e2c5fab45d6a139ba678b58a8bb92d9b73,True,2024-03-23 22:13:49,2024-11-28 22:13:49
414,patricia22@example.com,5f921911f70ac874365fd57a6177955495f5c1c78f8ef2cf5aa3edcc87ad994a,True,2025-05-04 11:59:28,2025-09-09 11:59:28
415,davidharris@example.org,fbbe65670e6679a955c16856fc6bf773f9233e308a1b5bc0b81502660ae60798,True,2025-04-09 09:25:23,2025-05-05 09:25:23
416,kristyjohnson@example.net,f3f45bba12a7268bf247a45f1324f438d45191f47723e19c0e9e4a8d77dc6074,True,2024-04-24 06:18:54,2024-06-10 06:18:54
417,tanner82@example.net,578ea8b083b271bb55f227e504f56b64c6fdf3a3796486587dff3e6f6727913e,True,2025-02-20 04:31:12,2026-01-10 04:31:12
418,jonesraymond@example.net,ce36dfae2d615aa0c8c7539fcef366c5db8794e28a51eb624351bdacf9bfec76,True,2025-03-09 19:54:24,2025-10-11 19:54:24
419,xfox@example.com,4a37af9db84b9aca9e1db94f12b10657319c32c419aa8fcd64ea4446b61d76a8,True,2024-12-25 16:43:32,2025-05-15 16:43:32
420,martinezlogan@example.org,6c4bd38b873a8dd9c4f45299f41bb4ca86e856f192a83eeacb038b3ae9dc70f4,True,2024-07-26 04:45:00,2024-08-17 04:45:00
421,howens@example.com,4265de76051228c0625ef6c60259a1b4faadfa68501e656aec91d93623b27885,True,2024-07-21 22:48:00,2024-07-22 22:48:00
422,nataliedeleon@example.net,1ca9b6a60cd5594b1fb41411ea32d9cb72452525566aa35bd0ff78d400685569,True,2025-06-20 06:30:03,2025-12-07 06:30:03
423,katrinaanderson@example.net,7ecea0600dcbb1c947f67affddeff50ccfde79140bffba1cb2b13e483c91a0be,True,2024-06-03 12:12:54,2024-08-08 12:12:54
424,guerraapril@example.com,4d5c27d38089864e37231c688658955705e2f3e137f39a06a899de59095e9179,True,2025-01-01 10:41:56,2025-11-23 10:41:56
425,fernandodonovan@example.org,b21a7cd2d9cb8a673631c28710cef1a91cb26c01bd50a8acfb3813eb310b3ad8,True,2024-09-15 08:05:47,2025-01-27 08:05:47
426,stacey84@example.org,a0fc32851f75833aef162a0a6c9a88fe8a47f468b37edb7aa2ad682126d38730,True,2025-05-17 03:16:30,2025-08-07 03:16:30
427,james84@example.org,39a4b64ec59eeb0352f957a9fb59a22b021a363d04d51d28801f682ab1a59736,False,2025-10-05 12:20:33,2026-05-19 12:20:33
428,christina18@example.net,b377ff17fd4d164b8e6d05b35ff4dda1d455ef195803d376331a507acdad398a,True,2025-02-18 21:24:08,2025-11-27 21:24:08
429,brittanycarpenter@example.org,ec6215ef0cd3bff787dcfc844ac1cfbfebd8f3c10acca716a015c79abac9760e,True,2025-02-18 11:14:17,2026-02-14 11:14:17
430,megan90@example.org,3b4f9c3857c70352dec4fcb2871e336ab10163a075ccdef1fb205ad3a826bde2,False,2024-07-22 03:21:33,2025-02-25 03:21:33
431,williamsdarlene@example.net,e9cebb78a0686db1505542588431c5d2dc0f273a45e4542c9379acecd4893453,True,2024-04-30 05:50:49,2025-02-11 05:50:49
432,debra96@example.net,e31a9dd271f4571c6cbcb8f1b5512abccb8fa4c09e9d637924a8a46126fd7109,True,2024-08-17 12:19:23,2024-08-21 12:19:23
433,jimenezcourtney@example.com,432a2208108d40041bca88b263d7b9dda00c7c9647beb9ed177a7b25dce51c63,True,2024-01-05 02:02:41,2024-03-02 02:02:41
434,timothy64@example.com,b2d9befb9f419fbbaecb1f339db202192b8b85d86bccb9ac3f36590362e0ba76,True,2024-03-27 04:25:22,2024-05-04 04:25:22
435,barkereric@example.com,7180e91c127fe8b1e0e90f98355b486b12159476d517fd22d9bdfcb5782cfe64,True,2024-04-25 21:00:01,2025-04-13 21:00:01
436,vmarshall@example.net,a93d7f25e88a88fa9d341bb75e6a4fcc167466bbc00e6e826859be2bd875f209,True,2025-05-22 08:52:57,2025-08-06 08:52:57
437,larryhiggins@example.net,23086b1d46b4596db962d1cacd7fcf73cc7158c815b5d2748df6e1a6da062950,True,2024-03-18 03:55:57,2024-12-22 03:55:57
438,theresa25@example.net,62d45e8d0367d1e28a45c79f0e3f5b9cf6fb86df681bc0e1a5fe7d55c8309310,True,2024-08-03 14:34:16,2024-08-21 14:34:16
439,floressteven@example.com,4b2ec4a0cced17a67f73082400aae0fb63722b2c7fc5beb1d2b226972b5f027f,True,2024-01-31 16:08:11,2024-08-07 16:08:11
440,gwright@example.org,829cf3dd2c561ea22115960e48f7ca2ac8ce06d7f1e03ea51960f76b4fa34179,True,2024-02-06 20:55:20,2024-11-30 20:55:20
441,sonia96@example.org,a3c45e44848dc2fa1dccbecadaaad3bbaf4d26bc42975ea28622c17ce0af29dd,True,2025-10-06 03:36:27,2026-07-15 03:36:27
442,lisapeck@example.net,67d284e6220d80fab10da457e396255b9948550d987c9fb3f3858ae0f334ccbd,False,2025-04-06 16:10:26,2025-06-20 16:10:26
443,james27@example.net,ae8da286614310b864e9943585aa50b62e1fdc7537267cb10ce470e236d78a79,True,2025-05-16 02:44:43,2025-12-22 02:44:43
444,tjimenez@example.com,6d253f6aae39b2b292ae7383736f6284a2229ab95a87e0452d135a06e2561eb2,True,2024-11-07 04:33:02,2025-01-11 04:33:02
445,davisphillip@example.com,eccdb5af5e367b0e521c1e9b3248213df8b0cd9eff72feafc1e47526f9f31b35,True,2025-11-30 12:00:48,2025-12-21 12:00:48
446,jasongomez@example.org,fce04bb6c8ceb4c88e7fec0d4137a60cdb42c388e7f3bc31439b589736609a24,True,2025-01-01 15:09:38,2025-06-07 15:09:38
447,troy74@example.net,a31d4b8a92c6ebffe2b9cb6727ff8765326b1828e3539c0f90606402e0db0270,True,2025-01-06 16:31:16,2025-07-11 16:31:16
448,booneryan@example.com,c6d63fdfd2ca2e55d3c2be2e233b5b1ea763fccefd378bc59c945f034889ad7c,True,2024-10-14 22:00:57,2024-11-03 22:00:57
449,kathryn50@example.com,fc9e56bdb8b9fda3e54841250f5e39570f6e6a821b5f2920f6726cfd411f8bfa,True,2025-03-21 16:59:57,2025-09-20 16:59:57
450,hudsonjames@example.net,0f9df8da566b613477d151ce8a7b6a0855fa57ab52ec96a64e5e0e58c9c21911,True,2025-01-23 05:51:23,2025-05-10 05:51:23
451,charles87@example.net,b6477e415b7aaf22e9a36f39e212ba1330fd9164d273d9bcf497e19d6feecc44,True,2025-05-08 09:31:09,2026-04-22 09:31:09
452,marcia99@example.org,9e9dfde16c8dc4ae30633de53acd942f6a71309fd836022db8c6e9adee8962b6,True,2024-04-14 20:51:32,2024-08-19 20:51:32
453,theresalong@example.com,6de9ba4ade25e874fc60dfcae917a7f413c0d1f0f050f859fce447995ce15538,True,2024-05-13 05:52:55,2025-04-19 05:52:55
454,kari39@example.net,2433858f072d269af726f1210f955f2b443591569df7c4d184498376d854a9f1,True,2025-07-24 16:37:55,2025-09-14 16:37:55
455,cporter@example.org,d62b696da9158e9301a895f9696dc577e0d8ab25ba05f97da14b1452b318b379,True,2024-03-29 23:33:40,2024-09-26 23:33:40
456,jenniferbrock@example.net,3d3fba5de831a627cc9236c5a5507c7c5882e4ccaa4b4ebbebe8573b980de076,True,2025-04-17 17:18:19,2026-01-28 17:18:19
457,ghernandez@example.org,57afb1f1eed38bc509045477fce0652c8ba1dc9aa14ccbafc1ad2aed93a9f774,True,2024-11-22 08:13:00,2025-06-18 08:13:00
458,sarah52@example.com,5d8903295fb786afe34ed3b23de6e349f904708d30a95f67f47c02a50e8c8978,True,2025-04-21 23:16:20,2026-03-04 23:16:20
459,brittney88@example.net,1591ec3366d97f9e5b2b6a3e52bad1727b0bcb92f94f37c81d5c57e95555a16e,True,2025-11-08 21:19:30,2026-01-26 21:19:30
460,terickson@example.com,ef647315c776c43f24a64082d51a992c6f364e22aa5fb10a9a52f7601cb7cc99,True,2025-11-10 11:24:39,2026-03-11 11:24:39
461,richardsonemily@example.com,94ae3034d39bb088326b33038499acecdf385978c6fccefc3d6362180ea7857f,False,2025-10-13 23:34:55,2026-01-04 23:34:55
462,laura09@example.com,94be2b86e78056718b52faeab4eff45f4f5e9cd80cd6f557965e6eb528308f73,True,2024-08-10 21:21:56,2024-11-08 21:21:56
463,tammy99@example.org,a7e4b8943658ea0ba978c04d2679071b1a7f2e76a8d2ee4fec7e73c4be1e3c6b,True,2024-07-14 00:01:28,2025-02-10 00:01:28
464,silvageorge@example.net,d5e1c3f1cce5833a21777e9804c5a6bb0384db8d5fa47714b28608f8764def3b,False,2025-04-01 10:26:02,2025-04-13 10:26:02
465,rhernandez@example.org,3e7b7a28db5c4346ba67e6db003d32ffbae018159e3c2e638511e9ab270f71e1,True,2024-03-29 08:39:00,2024-06-28 08:39:00
466,armstrongjackie@example.org,ab1c4f2617cb8fff62aeab9b531ee66b9cbd869bb0c70dd1591238e6e69adac2,True,2025-10-10 22:12:01,2026-03-29 22:12:01
467,alexanderrobert@example.com,4d3bfa3872367ca78dba015895d35326ac5da2bf1cf794995624060348757f4a,True,2024-08-11 17:38:53,2025-03-09 17:38:53
468,roberthampton@example.com,e6d5c24a101742c05c0cddc27933c0a4b16f52a5a3e0b2ad4c3cf8ad0afe43e0,True,2025-07-22 06:29:12,2026-06-29 06:29:12
469,thorntonapril@example.net,f067c41d8b9696e245d95ce0fabc2177c82911a5dcb28ece75edcc165c93e6bd,True,2025-05-28 14:19:11,2025-10-02 14:19:11
470,whitney78@example.com,fc3c771276bcab760cac65d2024b7ede94fdfaf37093daa11abb4d6230f4f2b4,True,2025-02-03 15:48:54,2025-06-19 15:48:54
471,sue78@example.com,a2538b73c33af92693e90dde05581f28b78c0500a975dc318cf8221adc668637,True,2024-01-19 03:52:42,2024-04-09 03:52:42
472,erica49@example.com,6f1b3f73a484af1d43ab8ab70e604e55ca0cd99b2c1668af32b94146db1338f0,True,2024-03-08 21:41:19,2025-03-02 21:41:19
473,susanramirez@example.com,04422d690483bf217f12fa4d3ff77a2d28b84ec9dd88177a0a39f9fd1cfa4d9d,True,2024-05-16 03:37:52,2024-07-10 03:37:52
474,shellyhendrix@example.com,7e72d10b4000d08b6724e709dc69a21b3ae44fbf37078de26fff9c098337a800,True,2025-01-04 09:51:51,2025-07-18 09:51:51
475,hannahburns@example.com,48b3a88514a5f533cd182423ddaacd79a77a346cf9e4feb3dcdf308b5b447036,True,2025-09-22 05:24:55,2025-10-11 05:24:55
476,ann44@example.org,63010e4d607637022e1c45c03b23d43caa840b1986ce379f98aa923c65b2a086,True,2024-06-04 10:59:31,2025-01-30 10:59:31
477,zhuang@example.com,76afbcdd9fde6d20a69e63231d9f5ce7c76f5c9e0c18c6d468fc669b4d85ba36,True,2024-09-13 13:01:55,2025-01-04 13:01:55
478,kellyroberts@example.net,ad86a01acad534b96d9bb2d5c31ca08682d526b2cc8233daa7651c43f42f12c3,True,2025-08-14 18:40:56,2025-11-24 18:40:56
479,reedscott@example.com,8ccca3706e0b017a85dcdff554068c2039a6b8a782d934abce40e3a831878a9a,True,2025-01-16 00:06:59,2025-09-08 00:06:59
480,ilewis@example.com,45e1c9d535607075a40b06926d4bf83b114562873573c865e25637ec2706f2d7,True,2024-05-01 23:15:50,2024-10-27 23:15:50
481,derrick99@example.org,623cc45f7859c2ea9ebb5d48bb6812d7695ae8e4a3ba95f7cd3f6667fea28e3f,True,2025-11-19 18:08:44,2026-04-24 18:08:44
482,brentstein@example.org,465cc99851d66f6d9554fcf620f1a8e2d5983a0bc57d5ee7bc390e174829fa13,True,2024-07-25 22:21:02,2024-11-18 22:21:02
483,briangutierrez@example.net,a3a2774beffa0beaefe02998d6dc23ede0b5be087d93a94980a60c8cacc0ba51,True,2025-01-22 19:19:16,2025-05-16 19:19:16
484,xgarcia@example.org,ab5a3917758cec1e55033927963bba867abe371b2938a7a9cd4f0b26bdd25eab,True,2025-10-28 22:30:02,2025-11-09 22:30:02
485,oconnelltiffany@example.org,a9301484c14fb2aa2f3584daa8da2492ea095e16cdcfa1a3c33a13de89c8b664,True,2025-11-25 14:41:17,2026-10-28 14:41:17
486,edelgado@example.com,28c1ff4d48a6ed36d2aae8124e7f879e15171c4521c04328379b77fb45e0e6ee,True,2025-06-03 06:25:52,2025-09-09 06:25:52
487,katelynmitchell@example.com,107f648b36918764d4d20d3c62a6f3f0c9620a62a2bab00fbe33f3c542e36069,True,2024-04-15 08:26:31,2024-11-05 08:26:31
488,velezchristopher@example.net,d59a4610244cf8b723eee40dc3d54f83b66f84c78caf309ab9ac9d1184aefbf2,True,2025-06-02 17:46:40,2025-11-17 17:46:40
489,amandasharp@example.org,7cea11426c883e754164ebe07f44b7a9aa10e18b241c7ad5ad0b0d438afcae06,True,2025-06-08 15:07:23,2025-10-28 15:07:23
490,robertmonroe@example.org,4643c9ab8b51b40a5bae0aa46e0007794cacc4c06c0fb26b054a14a3773cf46a,True,2024-06-28 18:48:37,2024-08-02 18:48:37
491,lfrench@example.net,63c2af2e8e0964cf88879dfb0a64fbf0e84e96f748b54fdc120dfe780744d2cd,True,2024-05-04 08:19:35,2024-09-23 08:19:35
492,nancy04@example.net,8216754d898e4828213157891268f28e0bf2dba0beb161586cac16285b55e8d4,True,2024-10-07 15:34:23,2025-04-04 15:34:23
493,hebertmatthew@example.com,a0b9908f3ec6e677416afcc1901dcf39720bf7eecaad4c5b5f5985fc076c9e0d,True,2025-08-18 05:05:52,2026-07-12 05:05:52
494,ismall@example.net,7cce1ebf7862b316033737d26c1867c38e1d7c653895a2e7ccfe76e6f078eae9,True,2025-03-25 15:05:09,2025-12-10 15:05:09
495,znelson@example.org,fee5188cd8399fa69e9cb832c37382818d9072de109dd4c32d224eb656ec4930,True,2025-12-14 08:05:55,2026-07-06 08:05:55
496,francisco74@example.net,6d355f25658e3056e7afb2a5d0ffb6479b385ef9ae2dc47a499e4d31d17521b5,True,2024-04-22 21:10:26,2025-04-04 21:10:26
497,alexisrogers@example.com,f14f8ffc597a739449f0da30237bb62308d2452cb1abb27d734b04e21abf05bc,True,2025-12-11 10:09:59,2026-09-11 10:09:59
498,gregorychase@example.com,86eaa9309f5aa3db2927456772d1866b1c1d4f6050178a747e8ebc4d2e606082,True,2024-08-11 13:52:35,2025-01-27 13:52:35
499,frobertson@example.com,74352035df51be7199f4946f3ded871983caa927128d953c35e4a0ccb5144d30,True,2025-10-31 05:27:56,2025-11-14 05:27:56
500,lopezdonald@example.com,f7b0472f82ed3d66cced33790eb94f9f862af94267702b4f856d2220a9abe3e4,True,2025-11-21 19:30:37,2026-01-19 19:30:37
501,adamreyes@example.com,85fa4a107a5f800da7934448b24763466ccdc938049addb02228d32dfb211d27,True,2025-09-21 03:22:09,2026-02-01 03:22:09
502,stephanie49@example.net,68b2c12b4c93ba53e7657282fa56d8ad4dc8769b33768511837e682116a425df,True,2024-04-23 11:21:20,2024-07-23 11:21:20
503,greenmichael@example.org,8a95ef6579e450fb616e1a3780e5d1e2721a3bef900a277c9d9e4e2a7acc3bb0,True,2025-01-18 08:15:20,2025-11-11 08:15:20
504,contrerassteven@example.org,37d1b1d7b65a8b75dd6c6a57b9ef56bf5b42eae5c5acac1ac53ce15175508762,True,2024-11-10 21:10:17,2025-03-25 21:10:17
505,tparks@example.com,eb9ee2f41b2ef96a16c6aaa48be7ffe57968365568d820ee4f583c6bc6c83bbb,True,2024-01-29 02:22:47,2024-02-17 02:22:47
506,fowlershelia@example.com,b49092d1b0b82a544e23212a85f97ae7f591d98facbe3a00bf4e6c62027f390f,True,2024-11-16 00:09:32,2025-01-10 00:09:32
507,jeffreyanderson@example.org,629cdd26e3d5827db0913b862f7a4b747492822498f9642d2ee782b3b035758f,True,2024-10-01 19:02:57,2025-08-02 19:02:57
508,madkins@example.com,14d4c587f316991b7abc834aeb8efd957c483b7ca92662d14bbb676b53d8d7a4,True,2024-08-10 00:12:45,2025-03-20 00:12:45
509,emiles@example.net,f2b550ff39ccf0b53d4451342a15f19a00159fbef9f27e53e1aedfd78bea47b0,True,2024-04-06 02:46:19,2024-09-29 02:46:19
510,kathleenbecker@example.net,1abf8ee2ea0a2f9d62a02cf7ac355d05935acb186e0623a1fd8c27203535799e,True,2025-10-17 23:06:08,2026-03-26 23:06:08
511,foxallison@example.com,f20679784c8eea222d9f782563047507a6a4632e35a3c6550ab880e8f1a2f94a,True,2024-05-21 07:15:59,2024-12-30 07:15:59
512,starkdaniel@example.net,edcee76b655f949a6377e7a5a5c8356924b1080a71aaafeb8589ff618c06fbb3,True,2025-12-09 21:34:06,2026-10-15 21:34:06
513,ashleyhernandez@example.com,12acdd9ba1094d216d946be3640d754d3c461b62f00bfebad90ab0956767c329,True,2025-10-28 15:07:07,2026-07-16 15:07:07
514,nwilson@example.net,2048e55a635bff8b5eab1f7d4b3c490df7038833206e77277ac8c9fcb7edb96c,True,2025-04-16 17:21:39,2025-06-14 17:21:39
515,gdavis@example.com,974049883ea4c684d9b136f22cc819a53678b0261a92ee85deaa9555b72a3cfd,True,2025-06-20 10:10:47,2026-01-03 10:10:47
516,chavezwilliam@example.com,c9c47296e1ae47eb2b46394dd0817be06ddf72872761ef9d25650b4133b022ca,True,2024-12-18 08:30:03,2025-10-09 08:30:03
517,hansenemily@example.com,e46c1195fcc7db23241d977998ed6dfccc6a49785ef3d86954633a29d6cf83d6,True,2025-05-19 03:22:23,2025-08-24 03:22:23
518,fosterlisa@example.net,2b3ce1025e5a87103d6d62eb41730ebe27e5d360ec7cfb9eac7ae8e004830eed,True,2025-10-04 10:28:37,2026-02-11 10:28:37
519,bethwilliams@example.com,2cfb9f30aa3864d22de964346870437069e59c55a15843b8416a434b89312124,True,2025-05-20 17:54:48,2025-06-11 17:54:48
520,weaverbrian@example.org,30fe5f27c9f58b122f1e66a4251af908d91bb4ddafda1dfe0b0191c9a48655a0,True,2025-10-11 16:59:21,2026-10-08 16:59:21
521,ajohnson@example.org,9deb36b816ad08b61bcdfd9ec9d6cdf0f5fe7df7311ed367c46d7e1481a00636,True,2024-08-03 21:39:03,2025-03-14 21:39:03
522,katiegood@example.net,c6138bb17151761d7ad0510fdacc1661306f2580bd5583a5c87d56245d77917d,True,2025-11-24 12:54:03,2025-11-24 12:54:03
523,ybrooks@example.com,532490416ced1890c68c13f32521cf50aeb0cbc3c7cab1e6a8e249689e3b40a1,True,2025-05-15 08:54:32,2026-02-05 08:54:32
524,rbennett@example.net,f668a5c20244c7da394a408316f4cfcfcbbb9dc6f9c60a39ee03b5198263314b,False,2025-10-01 12:32:48,2026-07-03 12:32:48
525,desireebailey@example.org,009f4885b1b918396ab2773207e0206970c576debcad9f1ce879b816e19c9324,True,2024-12-22 10:24:24,2025-12-08 10:24:24
526,urice@example.org,dbc85e8002ad8bddd3fd043dc799eec1ecc5481f68459c63b0eef24f4947a893,True,2025-09-08 08:47:25,2026-08-17 08:47:25
527,avilatiffany@example.com,62b4da46e2b84771dba5ec97a2cff98330e692c207842c5ac21df89d271f3afe,True,2024-02-23 13:51:51,2024-06-02 13:51:51
528,opatel@example.org,c7c76022bae05f6366ac3f79378a6c849c5a6b3ec19bc5763a7efcee236f9be6,True,2024-11-16 11:00:07,2025-05-21 11:00:07
529,rreed@example.org,c793b7ee0846136474615197b65282acdde0db98486a38c72607fa52f6ee9570,True,2024-08-29 08:40:33,2025-04-06 08:40:33
530,johnsondonna@example.net,2ef3c088d0aaaea79d23a9b73ef3f206d25d7890da6c361aadccfeab207856d0,True,2025-07-20 13:16:26,2025-08-24 13:16:26
531,allencarlos@example.net,46895dec697517daff2f0dab0d3aa26a7916749ae8689b46ad031250564e0057,True,2025-08-24 18:52:03,2026-07-30 18:52:03
532,griffinemily@example.org,9ef246e6bc2f04bcdbb4feecdffe303e29bad07495080950888283ca55ec594e,True,2024-02-06 22:56:34,2024-07-24 22:56:34
533,joymorales@example.org,35f64577303fa8c5fb7ef42023abb0042763091403d53fb6ea261ba37d17d3c9,True,2024-06-21 03:31:24,2025-05-06 03:31:24
534,karenparsons@example.org,c377bc9da73a1b72317489ff6dcbe0665fdeb516d4bf8a5a71847a322bf32830,True,2024-06-05 03:00:28,2024-11-12 03:00:28
535,jim95@example.net,963a0c463c6eca0e21564c03ad975f6815f44455c0d99c66d91d1e41b636d1f8,True,2024-01-26 13:23:33,2024-12-30 13:23:33
536,joel28@example.org,7890cd41bc8b5b0735f94013003913a85b49fe1c74d31f8e7345078b65351d35,True,2025-07-19 01:02:49,2025-09-20 01:02:49
537,dturner@example.net,16cdc9746a736068c3b3285e2fc7f9b777a20756869f8adda599dbfa7218d81d,True,2025-09-02 02:15:30,2026-02-02 02:15:30
538,conniesimmons@example.com,9c53ff56e02829cc51e7235603652d98559ba4b1d1c338f03b5e89ad181a5e78,True,2024-01-14 07:55:47,2024-09-29 07:55:47
539,comptonshelly@example.net,57dfd2e916d5fd7571c1de4918100bc799fbe80861eed1db281ac562e851e395,True,2025-04-25 16:11:57,2025-09-30 16:11:57
540,ufloyd@example.net,685331546b459a1205a332d84fcf9d03f04d48cafc33cea1ecf175374313e70f,True,2025-07-27 23:34:03,2026-07-03 23:34:03
541,trussell@example.com,ae0541cd21f3b1fa05f99ca1c076a02f07d13a6633eee425aa1ed6df0c374dc1,True,2025-03-03 05:16:04,2025-09-28 05:16:04
542,karenwells@example.org,915481b7b74399c3aa82b293a776accbe82c75086dde079f1cc9653db4bdc120,True,2025-09-08 03:24:15,2026-02-22 03:24:15
543,meredith27@example.org,459c329cf6aa4c0d73e09dc9364d8a5c0bc01c537210aa8db4cbf1815693c74d,True,2025-11-21 02:26:33,2026-06-15 02:26:33
544,jfaulkner@example.net,d5486bf45320b708820df68d733e5ac3499ec1f2fa4719da8cf043ca9d312882,True,2024-04-13 06:33:58,2025-04-04 06:33:58
545,paulscott@example.com,080a7c3e013a8c662e073c65de2a96044d98b98f00bbc37a2eac1fd591f94718,True,2025-07-23 23:18:20,2025-12-21 23:18:20
546,nielsenmelanie@example.org,bc5dbdbaaca13a6ff96879fdfc3a05274af0ec03e6a28ef9a99ec1e8a73fe90b,True,2025-07-28 06:56:46,2026-05-07 06:56:46
547,brettbennett@example.net,3ee82aa2557c980a116743269fc2bc4d0b332ff486130df47852ad3a669ce9c6,True,2024-04-08 05:23:07,2024-06-12 05:23:07
548,russojacob@example.net,ca78ce3bb8943e59e9a5634b7ed2452f4d298d9281973a684e2be702775fdc36,False,2024-07-16 10:15:48,2024-10-22 10:15:48
549,timothybooth@example.com,65bab279ff5cc690733e5b0651badf2836edc00565ef1d16281e1041be8fe761,True,2024-11-04 15:13:01,2025-06-07 15:13:01
550,susan03@example.org,c5a65094136c9a21b69bbd31a27cb9cdc45834e6e2e19876a76ff60d6a383aa6,True,2024-07-25 14:07:29,2025-06-30 14:07:29
551,burgesskaren@example.org,08189cb7ac96cf3e11817e9663176b633c4b6a82d9069def31c5c1bba25d83ed,True,2024-02-16 05:14:18,2024-08-28 05:14:18
552,randyallen@example.com,dd4d5dd88e85eabb40dd9cef75b9dff56435a938ee1ca53c50af159b9ba2f173,True,2025-06-15 21:18:56,2026-05-27 21:18:56
553,oscar85@example.com,7546045593a0bcfd0d62c8615ffc8f42e5822c9c1de0083147df5fc30a675290,True,2025-04-20 19:53:02,2025-07-18 19:53:02
554,michael77@example.org,f3d436ba478ad7dd3ec6b1d9dd3034d51d19b0d1d3ecb189597a48a11f3d926e,True,2025-01-14 17:46:24,2025-11-25 17:46:24
555,ugill@example.org,e592cce631f9785772b1a24251dfaf4cf7f4e80e5bcb36528e2ac91ae1ec31b1,False,2025-04-24 00:44:45,2026-02-09 00:44:45
556,lawrence09@example.org,665e231d151815c48402a9cf98bd4a6bc97091fc2ac595a6b0e019d3f8af0046,True,2025-02-27 18:41:33,2025-07-31 18:41:33
557,allentran@example.net,de0dd5e1818b5b1d85232638b7e82e5e1db6c2675aa68c27654d17a58c691fbf,True,2024-12-12 13:44:51,2025-07-07 13:44:51
558,mphillips@example.com,240b29f6de25f3085e53b943079df1080b89c4e6221e1f0b23982a34208f9291,True,2025-08-25 14:50:20,2026-06-01 14:50:20
559,noahwhitaker@example.com,c72f7ca87311fec5bf2c76e62c241695a04d73de5d6d857b873b927c13f1eb74,True,2025-06-21 06:04:53,2025-06-21 06:04:53
560,jonathan77@example.com,4a9640590809d0e1c0769269d2e790497bd0378af618a483894c57aec2797993,True,2025-11-11 19:13:07,2026-04-15 19:13:07
561,jessicabell@example.org,eba55eb605008680831f8aa7530e67188cc5f7f12c9eeac7ea9ab6a0780eba7c,True,2025-05-21 15:19:10,2025-10-14 15:19:10
562,iwhite@example.net,e0aaf120edb4d261ab35f4ba6f213f47e8c7478122cd53771c8f7451178f9815,True,2024-06-16 00:41:07,2024-10-01 00:41:07
563,warrenmary@example.org,123ca4b7668473285d3ebe0cbdc36e9f0571e9a0c6c2d8101c1805c1e4f00203,True,2025-01-28 08:21:30,2025-09-05 08:21:30
564,duranrobert@example.net,df9ca3ca04cd74946e9b0779f51a54b9b2ff560c5e75a0bde5d7dd854a5d174a,True,2025-05-14 07:28:46,2026-03-06 07:28:46
565,carloshernandez@example.org,ad44847bd2a024a0c12a2fa08528e138f0e9e84b989eb713ce27a1c548dd0a15,True,2024-06-05 17:52:25,2025-04-11 17:52:25
566,nbrooks@example.net,3bdcf0fe041baf54d88f8bfe53194ed461eee26c4044ced3a2df64fc0f542a8b,True,2025-04-14 12:01:18,2026-03-15 12:01:18
567,bhopkins@example.org,dff3693c0f0531f6cf9fc080601ec888fcca4ccc4fa623fcda11d97fb69a871b,True,2025-07-28 17:24:54,2026-01-08 17:24:54
568,hsmith@example.net,ce035a1ad8862ff96c7e151b8aba885b3eb4abb335565cf0febe885390ad3c2d,True,2024-04-30 20:25:50,2024-12-24 20:25:50
569,amanda40@example.net,42022d01ddc16e28a4c0b5150acf7d17800ca23b2934a8c4f4a477fc5b2e14af,True,2025-10-24 12:35:29,2026-06-07 12:35:29
570,ldrake@example.org,9c210bb2a7451bc00d782998118b134bc627db23e30f52274e25247a070bb7ee,True,2025-02-15 15:54:03,2025-09-29 15:54:03
571,warrenjohn@example.net,6627ad83e5b5bfeec39fe862d7d68246c01d47d130beb6bd3877fd4f6eabb8de,True,2025-10-10 04:40:18,2026-09-20 04:40:18
572,lisa46@example.org,b8157316158b7a57e9c4d6db0c981833833c33936b564bc20a386dcfa2968cec,True,2025-04-07 17:54:48,2025-07-25 17:54:48
573,susan79@example.org,eea82dc8898db4965003bd03d26518031b62f00a99bb35929da4639eb72fb981,True,2025-11-23 18:08:29,2026-08-11 18:08:29
574,kevinclayton@example.org,1b7cc7bc6d0f2916ecc0f0915a53c842642cff9c210d37e59d74e5a6cb903354,False,2025-03-23 08:42:12,2025-11-20 08:42:12
575,davisnicholas@example.net,0614c6d5cc020166ff0abd53d7c69b18120f3e5e98b7a5a20009a5b35b34ce2b,True,2025-07-08 19:48:29,2025-10-02 19:48:29
576,abrown@example.net,d5d450f50e2b5e697b21852c5f842f3608c0edb8bf22678a45ed678293d427ed,True,2024-11-24 00:37:16,2025-10-27 00:37:16
577,christopherbruce@example.net,f2486269b38c9a6c5e78f8f7555bf27cb442c4f63a282e6f4851e94c77ee9952,True,2025-04-09 17:59:34,2025-05-22 17:59:34
578,ariel18@example.org,7f6a3836c9c6e722f66580fa90b17852d7cb5d8095633ae1581c400fb222f59c,True,2025-01-03 09:42:38,2025-05-28 09:42:38
579,jasonparrish@example.net,fb4677d5978c5ec4e36c46fc01f926cea2373b4c9ba717d5d5af7f072e07e7ff,True,2024-12-07 08:47:27,2025-08-27 08:47:27
580,enelson@example.net,893242d0ce9d30bd7078d86359e8155698fdd030b0c6ef8e341cc23a4efc03fe,True,2025-12-03 10:22:39,2026-11-07 10:22:39
581,rachel90@example.org,38a2740057efa16e169f1e2d6cd7a1c2a19b7d9ed0d41023cf67656e5f2924fc,True,2025-10-17 21:22:18,2026-09-06 21:22:18
582,alexis39@example.org,5439f22ca142733681e55f91b2950e21264ed6947c19e8fef6177f213d27886b,True,2024-07-14 18:38:36,2025-05-27 18:38:36
583,thickman@example.org,bd8e2b668c7498559428e2c5b867df26081cdfeeea480bc2b415307ebc9b266a,True,2025-04-09 14:37:35,2025-09-27 14:37:35
584,ashleyatkinson@example.net,50f7b92a364535daa32973d84d2f51579063d548bd3c9312bf6de94e1db21a05,True,2024-06-14 19:49:15,2024-07-31 19:49:15
585,patrick21@example.net,41898d846628302eade1a12b8f95ae38f4fb3dc3ae01213f99a099feb99aac6e,True,2025-10-07 07:17:45,2026-02-04 07:17:45
586,brian63@example.org,4160cb7c2476df7e0cefcb1c6b2475e8c01903df20c647e83e42a6e1f2847d6f,True,2024-11-22 00:26:21,2025-11-01 00:26:21
587,cassie99@example.com,30b6c637d6d55bae1828ae629f6a7906b1b0c17b213e631031c22e2d58d5dce2,True,2025-04-09 09:55:05,2025-09-14 09:55:05
588,anthony47@example.com,4db1fc32237eb3d29035e71d4e99e557b9affff7f75db877f59322cbcd9c1077,True,2024-02-26 10:59:56,2024-06-20 10:59:56
589,michaelpugh@example.com,5d458f775836d9e7a29f397cd033404b14234fe64a50c3f8bc349004f726270a,True,2025-03-14 12:51:47,2025-06-23 12:51:47
590,eringuerrero@example.org,56dc38fb37a67cf49c6e9dddf5cbb49525b5147f4f71615b1ed13214641da55c,True,2024-09-19 04:36:31,2024-12-03 04:36:31
591,lauren11@example.com,ae2138755047dd7750ebd18fb6de45101cbbcb5e2d9e30a77cdb6878e4236fa8,True,2024-06-16 23:29:43,2024-06-28 23:29:43
592,normanbowers@example.org,93f63c5dadeb4a2125765d04848cd67e9366e7c33a3670828fe4ff402c210026,False,2025-08-08 22:07:15,2025-08-31 22:07:15
593,gstewart@example.org,9d04908abc53d2d4ba3285f91fc564e17db9d072f314763a4d520e8dd8399399,True,2025-06-01 23:36:38,2025-10-04 23:36:38
594,hahnsean@example.com,feec1f16f8efad3ba30ff052e45eac26585bf7d3b9fcbc1d1bb42d959a89566c,True,2025-05-01 17:28:36,2025-12-30 17:28:36
595,andersonjacob@example.com,4abd641b3f6d2e310ff82597b21d078b68578f0868f8d712eefeb8eb6f3aa784,True,2025-02-27 12:34:29,2026-01-05 12:34:29
596,fgarcia@example.com,321f8c8f43943677be7d3c64d125fdeb40a094f7d404925356c58ef6cc63585b,True,2025-04-26 13:34:57,2025-06-02 13:34:57
597,carlsonkristen@example.com,bf168271bdd521f1189933d92dd93ef2432b656edf93cec73c7430b21f6c56e7,True,2025-04-09 16:07:12,2025-11-28 16:07:12
598,carterpaul@example.org,b42a94f141ef2eaee2472b2aac6742542bbc941c50d3a5ab4bf6b89f3179aa81,True,2024-08-15 14:04:26,2025-03-15 14:04:26
599,ashleyjackson@example.com,40f6a694b1c8426757130604538f6041a9d8d826f4af8b40330267e46c01d900,True,2024-08-11 02:20:20,2025-06-29 02:20:20
600,dominicturner@example.com,ed344254fc015172c9656ab70d2cb027a01d56e15af4a2b1df1acc232f194517,True,2024-11-29 20:26:17,2025-09-19 20:26:17
601,bryanhamilton@example.com,347e5e12163dfbbc4aefe9d5da0312b8d7d9c9221a275fd3a12f02acef75045f,True,2024-02-10 17:14:17,2024-05-19 17:14:17
602,todd15@example.com,11ba87fc8e012174056f70d75f059bebe9327372b290a6341e17f48a80106c53,True,2024-01-05 21:09:03,2024-12-26 21:09:03
603,jennifersimpson@example.net,f8f2ee69ff6b5eb621f74bf1713779a922ddff7cb7a59e94bf6d93e2ec16205b,True,2024-12-01 01:37:56,2025-06-15 01:37:56
604,stephentaylor@example.org,bb365716113cc9c0284301bf3aebb899db1518d1603c32666cda11603a12f643,True,2025-09-02 05:41:24,2026-05-13 05:41:24
605,ncook@example.com,6893ad290ad3af6ecaec76fbf73baef9b0ef2e68ba75358dc43ad40f3f209855,True,2025-04-12 23:38:37,2025-11-02 23:38:37
606,scott69@example.org,c578beee9d485473b2fadf655a11c5689540be08916c357fa14eda41b94ca8d7,True,2024-12-19 20:54:50,2025-04-22 20:54:50
607,malik37@example.com,59a87f8f8f60cb870742ac398765a9587d47481d117d38ff6dd3f64fa8c3f93b,True,2024-09-24 17:15:01,2024-12-08 17:15:01
608,tamaranovak@example.com,56b5950a42a79119c0326462941750a9ed0611d968b7d86706e054dd4aa53a50,True,2025-05-31 08:59:58,2026-05-01 08:59:58
609,yfaulkner@example.org,82c17bb44bda4cbab8ca47943f3e0bf1d6e5af2d89837827fc2e869d15bb0069,True,2025-01-28 19:51:04,2026-01-15 19:51:04
610,nicholas65@example.org,b76199a95bd91e1cc2034c54bd67b65116e7f3d6573fa0d816ee7b0aedfb913d,True,2025-07-06 20:51:38,2025-07-08 20:51:38
611,brittanygardner@example.net,8faf456fe422c5753d8b000bdb6f26b20c9e2d59c0f9444578b22bacfe732451,True,2024-07-31 10:31:31,2024-09-23 10:31:31
612,bentonsteven@example.net,c34d0e6a797240bee942c0ce242b3068e3b37ea1e6bb2480625dc1fc0a24d9fc,True,2024-07-20 17:49:18,2025-02-22 17:49:18
613,samuelcarter@example.net,771b440c1e7399e9fa8f64b5a206bbc1222c51e4f1ba6fc59da8848fc522c17d,True,2025-02-16 14:21:27,2025-06-08 14:21:27
614,fuenteslaura@example.com,4786baf53cf84a021494c9645e848f8d4a5d655a1743447edca99fe71e894401,True,2025-03-12 22:28:38,2025-06-10 22:28:38
615,ttaylor@example.org,9be6714d1a4d79706dca4b2ef62f6b63cecadb2c52796183b77251711b5ca2d8,True,2025-10-13 20:11:51,2026-10-04 20:11:51
616,donna66@example.org,91d66336f0bb0792045b4af208b8ad104364bbade72b7066afaf2c4f6637ac7e,True,2024-05-21 05:50:22,2025-02-10 05:50:22
617,eewing@example.net,4a953cb77412550c06b42b67c39e627671faa40ec778f2f4a4b5e26acf6256f3,True,2024-09-04 09:40:37,2025-04-29 09:40:37
618,sferguson@example.com,48c4e476488822fd48e9585995be09a67c21af701551f6d03f7ff9407db459f3,True,2024-09-26 19:26:01,2024-10-21 19:26:01
619,gibbsmichael@example.net,b47c9169261ec7a3278cca0dfd25fd332d3cfe1521b17a9c25120558cfc67cfd,True,2024-10-24 03:07:21,2025-08-05 03:07:21
620,rodriguezjohn@example.net,44e49d0f502ca7c61e1dc25603e92f7ee6948efb3dad7c63c60ca71f0c126d5a,True,2025-11-15 03:34:25,2026-03-22 03:34:25
621,gabriel90@example.net,cb7d69f8c50d8b7f933b71d46427aa4c624fc5ed06bfe0dca6888cd8d057f77b,True,2024-03-30 10:12:41,2024-05-31 10:12:41
622,vrasmussen@example.com,111e54024f38e7e7ec998e2144b0d7456b8b040557ceaa8c58f9370e2838ba8d,True,2024-02-20 11:23:25,2024-10-10 11:23:25
623,smithjonathan@example.net,297dc7b42a9a4a6261af63014da61c8c278a4784df67854bdd55cb5b03cb93cb,False,2025-01-25 10:32:53,2025-04-03 10:32:53
624,seanmyers@example.net,0d546dd098b0a23fedea044ddb906d4206b00593c4a376d53425801202441fa4,True,2024-01-09 04:48:09,2024-09-02 04:48:09
625,michaeljohnson@example.org,0b390f37f409b8eea23baa88011d76db1e93cb7c730b96b9aa8b6771f752968b,True,2024-08-20 07:17:01,2025-07-27 07:17:01
626,robert11@example.net,01493b6bf07844eddad65451f1c37e526e603d10bc6d4b52fd937717fe74ead8,True,2025-02-17 06:20:01,2025-11-15 06:20:01
627,michaelcooper@example.org,1a544bc4bec47a1a2cbbf42f958755245641e860f2ce6419d1fa1ee82b639940,True,2024-02-22 02:13:51,2024-12-04 02:13:51
628,gbailey@example.com,62335635bbd22641ce1a918e72fcae1489bdc6690261cbf3a3c848193789b6ed,True,2025-07-11 17:39:19,2026-05-11 17:39:19
629,tflores@example.org,466c2d94241b843ea821d6dd6719b0d9bb1d49308b6d4f18f6213bcebd0734ed,True,2024-07-02 15:27:40,2024-12-11 15:27:40
630,johnsonmatthew@example.org,c981d0e31c7373ccc99a59b85a16e3da74ac0f5dba1ffd37303c2406bc332298,True,2024-07-18 13:03:36,2025-03-01 13:03:36
631,sarahyang@example.net,34ddbf6a34341b1089f9122b3275876f74d55e54d66a369a0ce9d8b32c4c7c6f,True,2024-09-13 07:44:57,2025-07-23 07:44:57
632,andrearivera@example.com,dced42f481f63fb83ebf558fbf764711a9fbcf7e15979bd5b0031fde51bc3964,True,2025-06-18 06:03:21,2026-03-03 06:03:21
633,zhall@example.net,974ee12e2d787cbd464f13a56e1bd2a0ad5dacb5a6f4d634589ed4bde5c11abe,True,2024-04-26 07:10:08,2024-11-30 07:10:08
634,jacobsandoval@example.com,c16d2ad59d7efc52c521305d7a1f53e5bddd7871ff183c7576ae6f78de6574a9,True,2024-09-21 17:48:40,2025-06-28 17:48:40
635,mclaughlinnicole@example.com,889d964ec04f2ada7ec2af3b995e91e3ea06a68656cc4dfbb2439e45b6b7e6e4,True,2024-08-25 15:02:51,2025-04-10 15:02:51
636,tprice@example.org,4bc62712f066c64851726e154fe3e2b786b8e43f2e0c7bb25ad938951c463f09,True,2024-03-12 23:40:45,2024-06-01 23:40:45
637,joshuapadilla@example.org,34c63b03fc5bf752881c9451c8500304abba4e19580b802499bad8b8e5a6a5d3,True,2025-08-06 10:22:07,2026-04-06 10:22:07
638,lloydamanda@example.com,4740bd32a2aa19fc1b0072583bf3266a6752e49a2582c47cd02229ba437b0737,True,2025-08-11 16:04:45,2026-03-29 16:04:45
639,james14@example.net,ca235a738438046e00cf55b3d78929b2541901b12a4a621943ae3096c377abad,True,2025-05-20 11:58:48,2025-09-29 11:58:48
640,orose@example.com,5bb6878863bf183fca6d35458567d2be1f62c15880710d64afd6c607b24bad21,True,2025-06-14 03:24:42,2025-10-18 03:24:42
641,lcarr@example.org,4af5f12ff2abf78c71ed6dd356c8cae09bc6f2ac45b8f427fd91c3d39ce93177,True,2025-03-13 04:57:00,2026-02-02 04:57:00
642,michael79@example.org,4b5ad39a9064d239ec9d38da340353c0e50eee44a64f27310440c4413a4acce0,True,2024-09-07 15:03:26,2025-01-26 15:03:26
643,samantha91@example.net,968777b8d326e81118285f1e8457bb1dc0eb5ad71c4c9d6ed879aba6b03741c1,True,2024-03-09 17:38:18,2024-11-30 17:38:18
644,lawrenceallen@example.org,eb5fad0fa88781eccf82cf8f2d786d48f42d04c0698fb0dec05ace9c78671ab4,True,2024-10-22 05:13:51,2025-06-27 05:13:51
645,nathanielthomas@example.com,02a889bd59c73518f5be3561d19d9f3e9ef298481ce445d0c906dece50f900eb,True,2025-04-15 20:17:12,2026-03-01 20:17:12
646,kcarlson@example.com,a1d2cd4f50b3804007024000ea9b358f29989b139e97d9a3bcd931af2d61b2a4,True,2024-09-10 00:46:48,2025-01-10 00:46:48
647,olopez@example.net,e3f84a1845708e25d4f16a0589ea4ddf6a3818727d2bdf3600bae00f07f0defc,True,2025-10-19 09:26:25,2026-03-08 09:26:25
648,angelaburns@example.org,8a12d626851a85c26587a87286e06eeb685e3dad0954abd9bade254b8ede8f03,True,2025-05-17 15:43:57,2025-12-28 15:43:57
649,leonardhayes@example.org,540197c4eb7768b0a7cfa2d18e14cc8741fb884f66d5a7823dad032915328ff0,True,2025-10-16 13:06:17,2025-11-24 13:06:17
650,stephanie72@example.org,0db92fd9dd9754dc358886529d10d435305ee29a33fbfd84d0f1e0a3051f454a,True,2024-01-19 11:59:18,2025-01-18 11:59:18
651,gmaynard@example.net,52de6384633d430ae9ca5703daa2e8779fc20a43f166944376cf09a0c1e4f0dc,True,2024-10-20 06:06:55,2025-03-15 06:06:55
652,fortiz@example.com,3a3fb0f3341fcc635a25dc9075aebfa81d0716d5f7c8f4cd386962e3118d7042,True,2024-08-08 08:33:15,2024-12-06 08:33:15
653,fburns@example.net,7b422744b7990e64a539fda9d1431693b3312a359e6414cd9ae62aa3198c3df9,True,2024-03-17 13:54:56,2024-08-03 13:54:56
654,flynnjeffrey@example.org,99b698f8a23c34b4a4e035438e82b5e1d8f1cd1593bb3205b2910cc289b45e70,True,2024-06-13 12:00:22,2024-12-01 12:00:22
655,jeffrey42@example.com,259904bb290ff12d90bf7b0c6d1b9860a3b7ebfdd5c55b243341db1522c4f8cd,True,2025-09-06 10:35:45,2026-02-16 10:35:45
656,hdunn@example.net,3814a480324e2d892985d768ee4fd35d7a9911ecc2be68c8cca816f39bc4cd1d,False,2025-10-27 05:30:25,2026-07-30 05:30:25
657,adamsamy@example.com,a3fffdaab289842d7a14b44dc4fc78837186ede081959c9b3dc0c6b3e02af2ae,True,2024-06-12 18:37:42,2024-07-23 18:37:42
658,wolfscott@example.org,5f3a532dd086dd0fde547718525b2c758532d6764009155f8804c912bd63505a,True,2025-06-24 00:07:30,2025-09-02 00:07:30
659,pgarcia@example.org,70d7be10a592ca7492f2462174e61d15e28dde894bb691e8a20f0f3a27a4279c,True,2025-06-08 04:07:51,2025-08-24 04:07:51
660,nancy07@example.com,d144e2b6060cba374dddc6d1eb35ff3d4eb0097aae386d33418ff539b6c53536,True,2024-01-08 00:12:51,2024-05-05 00:12:51
661,michelle17@example.org,33f974a8a8e2d809707ef6f1fafc85bdef41df50df2bbdea5aee54ba4b72182c,True,2025-09-01 09:36:41,2026-03-16 09:36:41
662,jasonrojas@example.net,755f3f537b1c4bf0688f1775edb7529157ae5836ed4678f62f4c3515aa5a0830,True,2025-06-08 01:23:24,2026-05-29 01:23:24
663,michelle96@example.org,91db762648e253adc1da8dc3f8ae14914846e892da8f3b8a24ccff5a15708914,True,2024-06-28 18:59:46,2024-09-14 18:59:46
664,kristenli@example.org,157faad525bab3005791775d94b307d52184deb93248073eed41a6fcca6a6d16,True,2024-12-16 17:49:31,2025-12-12 17:49:31
665,amanda98@example.org,b725cd710eeaab6def1d2919836f168c9e939f2e9d410dfeca09bb5d09d0f18a,False,2024-12-20 14:12:35,2025-04-08 14:12:35
666,tiffany44@example.net,26c18285f748ede823d190badd6b9e57d789b96c7beb5dd460b5a3822a19fb27,True,2025-10-20 00:10:40,2025-11-21 00:10:40
667,stephanie81@example.org,980a86e889bd37fefda95aeccd3a5c5e50a25dbd1972a2a57fca8eb3470e14d2,True,2024-04-11 15:31:27,2024-11-09 15:31:27
668,rsellers@example.net,6d35d68e7ebe40c53735881bdd6b9623d530fc6579f7369d2623a6b45715b64b,True,2024-06-18 09:39:04,2025-01-12 09:39:04
669,jacquelineanderson@example.org,733a32afe2ce97435dd0a396dd53fd918b4f88dec1b31fb5de6b912a16b1ab55,True,2024-04-05 21:30:18,2024-09-21 21:30:18
670,maria67@example.org,8392edb40be510d45c54afbc77bf3cdb7ec39a58510410b773a8c9bcd83369d2,True,2025-09-10 10:44:03,2026-06-14 10:44:03
671,courtney67@example.org,d361dea5cf9def3c839e6fb9023147e4638edb4a6ca3b0f847e59877901bc38e,True,2024-12-13 14:54:32,2025-08-08 14:54:32
672,powellkara@example.net,f40b227ae0f405fd9eba8b025d72c2e1deca0a082e871918defb30acfaf7740b,False,2024-12-24 15:53:46,2025-07-24 15:53:46
673,shawn75@example.net,0aa7b173821048f436c374c885be200768721c07f2c1dda6520f49d05a77461b,True,2025-08-01 05:25:57,2025-09-01 05:25:57
674,meltonmelanie@example.org,c95be1696e1e380b5666d3e33c42066d3699e7cb082817140dfec64298bc46df,True,2025-09-12 00:28:37,2025-12-26 00:28:37
675,sreid@example.com,1e361c462c0b209231d6276f892d722c8049b11c1c7bd984ccc005207c383be4,True,2025-11-14 20:39:38,2026-06-17 20:39:38
676,flynnraymond@example.com,6467532c8c5e14bb42e64d9c6c68614581f151cfae42496d038c46938242966c,False,2025-12-10 00:51:06,2026-06-27 00:51:06
677,troymorris@example.com,09a3fdc535acbc482a095399dff18b7542f8470730911844de804026d8987802,True,2024-05-21 21:18:02,2025-03-16 21:18:02
678,amy29@example.com,e91edebe1777622a6b32133c8e125032916b940c9db7a30daa7fcdcc913e0729,True,2025-11-13 11:20:41,2026-11-04 11:20:41
679,patricia00@example.org,5d6dbf00d39099604c8503442aff10ba522e345e700b319d501ca6170dedf3e9,True,2025-04-29 09:34:17,2025-05-09 09:34:17
680,ksmith@example.com,7a41b2410018cf16b7e47d44cc3fa7dae42bb1663bd5556f65a49f8300c618cf,True,2024-06-03 13:35:22,2025-03-24 13:35:22
681,bsmith@example.org,c36c31c5a3530792ef58db90b1742345c65eb03c2c856893e92276362062ef99,True,2025-08-12 10:23:34,2026-02-22 10:23:34
682,nicoleturner@example.com,dc423eee8ac8013ab1d2788a78d71172f07a9d798cf804e64e527a67df1dc613,True,2024-03-20 23:51:50,2024-11-19 23:51:50
683,penajohn@example.com,9ad3ab063c6efe089124cf7447ca4863bf526e9683fd99d7a3588bcf055a3425,True,2025-01-03 09:23:45,2025-01-06 09:23:45
684,brettgarrett@example.net,17f7e375cd1f1c11f4677bbf7155b5651f79cd9f6e9c7bd87c4fa3bc0f7034aa,True,2024-11-11 02:56:40,2025-05-10 02:56:40
685,rubendavis@example.org,ed6a6999faf9fdc34d3c0aca480d27ea2e255ad5cc8b144131c4ce9efdba2fdd,True,2025-09-25 04:56:29,2026-02-24 04:56:29
686,lewischristian@example.net,25fc4183212d7ebd4356509f2565cbceb9e7cfd4a9a55430b978dd656bea339d,True,2025-09-15 11:12:43,2026-04-02 11:12:43
687,aprilwallace@example.org,4f0677bc03df743f49a19e9ee0e3fe10a1c237eaf065efa19d5938cb6de0b0c5,True,2025-08-05 15:06:27,2026-03-07 15:06:27
688,lisa62@example.com,f34206567d47a2ed8c5bd2742f9baa6606f539f8a65d7912907012a361dd6c5b,True,2025-04-11 20:13:19,2026-01-11 20:13:19
689,perezchristopher@example.org,7795e8fe96375372d2c0e1de75d9b05a9dcec91c854dda2648b6b1aec71171fd,True,2025-02-11 02:59:39,2025-11-17 02:59:39
690,edwardsnicole@example.org,30f9b53f09fbbb55360cc55b1aa2ca3f67e67d443cb3a2f6dc87344b593f9be8,True,2024-06-13 06:17:53,2025-04-17 06:17:53
691,wayala@example.org,aa5de8d317312c675c0766fe27b752cd1a622eebd1f0d08d503a5b6f396281a4,True,2025-11-05 09:32:02,2026-02-25 09:32:02
692,caseyelliott@example.net,78c744a519a187b787f20c867a0671c90ca45f4b7800b95bda7a6ab13a8b2300,True,2024-08-07 08:18:24,2025-04-13 08:18:24
693,scottbowen@example.net,c6007743336d12d2131a940389b26c3ad721079dd265e662c72f5944ff5eb3e9,True,2024-11-12 09:18:33,2025-03-04 09:18:33
694,samanthajensen@example.com,2e7e8bf758b2c9c728ac288358349eb6db0badb2256beb0f360a2ebadca4ff12,True,2025-05-01 22:35:14,2025-09-17 22:35:14
695,christophergarcia@example.org,830c7b7fc3c80eb491002b48bf74ce43915463502fb4ef312b127262f4b4fb07,True,2025-06-18 21:02:45,2026-01-27 21:02:45
696,bbell@example.com,0f181f3272526a47fc6674807ee1bf95a73b6d78280cd38cf65dfedd613d4a12,True,2025-09-18 09:51:26,2026-05-24 09:51:26
697,johnnewman@example.org,8509af8839e224c74fee619650c46228e7f083a42cb2a049923301d85192fe5c,True,2025-11-12 07:28:31,2025-11-26 07:28:31
698,kimberly04@example.org,f75c8ea8de47a1e20bbe512e7da80b6246ee7efd2bbbd504a1600b9983e9a2ee,True,2024-03-26 16:24:34,2024-10-11 16:24:34
699,juliephillips@example.org,6dd7e8a03f2eb4e093846d953115f5b09a1b1d01aafc4ae5a2f2702cce9fab6b,True,2025-10-06 20:30:52,2026-03-27 20:30:52
700,troyrodriguez@example.com,d597e8e4f077c5f6939e8cbfdbcf9d621edeea6eafa638073de22f9b02546383,True,2024-11-11 01:01:01,2025-10-19 01:01:01
701,ricetiffany@example.com,b6dd599ac88d6322bb9fdcaecf080225ce7fc0726488a170bc1df2d0eaee287a,True,2024-08-14 11:05:22,2025-07-27 11:05:22
702,david96@example.com,2b3f1f29a22a460dab3efe9948b8b3f16e6a6a7137f47c9fbfe3553758345b20,True,2025-02-19 01:54:49,2025-09-14 01:54:49
703,kathrynbest@example.org,112fb20b7393c36c609c7951d90522128bfb18525bb4dfc71d649a46bb4e37bc,True,2024-06-23 08:04:05,2024-09-15 08:04:05
704,matthewsalexander@example.org,97b87b923cab221d0ed3d4f3e9b2d40230121f37cbf16a1a2c1776941215e03e,True,2025-09-03 15:11:53,2026-04-30 15:11:53
705,livingstonstacy@example.com,ececa3cf9f2db7ba9b1f849be5fbea760fd2578eb0c1757e65ebdc8d0f8d002f,True,2025-09-28 06:42:29,2025-12-02 06:42:29
706,courtney86@example.com,9c2d8b5399d0677c2f470c80507288dd5c2ded302a7167877db998719a0c39d7,True,2024-06-04 06:21:05,2025-04-18 06:21:05
707,imiller@example.net,006c64895bb65a49853d5ff56d49781a3dcd0817e628fe91fefb93a8e697b574,True,2024-03-03 14:28:35,2024-12-01 14:28:35
708,joshuacollins@example.net,2558628cc3a8f70edae50a75ab98508ad478a2276d765c839d61c50ce39486ac,True,2025-03-08 21:59:39,2025-03-21 21:59:39
709,terrimoore@example.com,bd94f41bd9f6f29f936c838ec09be2915ab95eb10b5debcad5996a211bcc954f,True,2025-11-12 03:15:13,2026-06-01 03:15:13
710,wwillis@example.net,ff56d1afbff27094c68c3468c2f192caeff88363e56ec58d68666ff3b719b5f1,True,2024-06-19 08:44:39,2025-04-18 08:44:39
711,collinssamuel@example.org,d5c1442951acafb5e6023ae8e6f79b513cf99e667426e604f959fec8790a12c5,True,2025-12-06 10:47:30,2026-09-20 10:47:30
712,sanchezsandy@example.org,141a451b50130ccc44128ef364b67ad75dcaed44ea16730d3a3606556e28e100,True,2025-10-02 22:23:52,2026-09-06 22:23:52
713,dsalazar@example.com,8b5e651943dbbc78570d660d078671393f7cd1a8dc4937daf1d484a5f40e0f60,True,2025-12-12 08:47:44,2025-12-25 08:47:44
714,davidzimmerman@example.net,00a4eaaa013ce752fa46fe4e906198902c304ce1785d14104b7487b5d79ddd91,True,2024-12-25 18:17:32,2025-02-05 18:17:32
715,martinstephanie@example.net,82c130c5e1708a4b8848d4de81e54a78a7c89e9e7bcaf910797da8e05a1d6ca0,True,2024-04-25 15:35:06,2025-03-20 15:35:06
716,gary24@example.net,508e9c2e92728a0c06b39406e505c8415b6bf2f3824e0629f027bad7d3b4d6c9,True,2024-06-20 21:16:59,2025-01-25 21:16:59
717,wiseanthony@example.com,ab2c4febba3ecec85e97b8bc2e96921898ee0eca5180bd250ffacbbda9d85349,True,2025-08-05 22:01:24,2025-10-13 22:01:24
718,alexandria49@example.net,c4c963ddbfbdacc05886795bc8674269a3cdfb26d37b478e5c919988de8829e5,True,2025-06-06 15:36:30,2026-01-28 15:36:30
719,crawfordwilliam@example.org,de95d6d3d97471434cdce3e378648a1a11cb1a99d0cf66b56855260c79dc599f,True,2024-08-26 17:03:57,2024-11-27 17:03:57
720,kvillarreal@example.com,de273afdd2204f6ca0bc4bd5a09b2e02db44e80852cd66e4fd4210947b6ed2f4,True,2025-11-24 08:27:43,2025-12-19 08:27:43
721,jonathangarcia@example.net,f4d27294fe0c3c6cff58ff2f97ba19654a2a196870e50e94a0bc6f16f6d151ba,True,2025-09-26 11:23:40,2026-02-06 11:23:40
722,perezwilliam@example.org,a57d5a27828ef7ca44ae28b10e66b68476856a7f6783da9ba91ea31fa9f44a6d,True,2025-04-25 18:13:09,2025-11-05 18:13:09
723,sanchezthomas@example.com,29e4116c89040135486e6d0275b599867a9ec725bd2ea8b2717291cc75ea3d81,True,2024-01-19 19:28:52,2024-07-04 19:28:52
724,haroldhorne@example.org,bc85e6ebab0cc130f36e308644b1a403f7dfd0882395dbe3a3f98e5eb222ebb8,True,2024-06-16 16:50:30,2024-10-02 16:50:30
725,pwalker@example.com,d0629b9bcbb9288961d61ba15384a6041572976f38146511da23639bb2deb39f,True,2025-10-24 10:25:28,2026-06-13 10:25:28
726,joseph19@example.com,b773827f31f15afec04907a188d3aa35131cb0c0cc601874883ac603c46718ca,True,2024-03-09 04:54:45,2024-08-23 04:54:45
727,shawrachel@example.org,8d8272f43a3aa37c3c0f1f76f4e82a12cc03fcebaf9c3da732ca848f9a63e233,True,2025-07-26 00:47:20,2026-01-14 00:47:20
728,lindajarvis@example.com,24f6a4113258b6535e684493b4fc2476684acdb9ee0868adaaa8ac40545f519c,True,2024-06-22 19:49:54,2025-01-02 19:49:54
729,wileymichelle@example.com,e3e4ebdf08de8e3c631aac89d229ad0dc5ef26c81425e4a594ffeec99b2a1b8e,True,2024-10-25 01:58:00,2025-03-16 01:58:00
730,christopher70@example.com,02c01a33b99fa93991942ee52d7e88105798501e1f5c22d222e667ed9c3f18c0,True,2025-01-25 15:49:09,2025-08-28 15:49:09
731,kellymueller@example.net,99e1e9720c1d51f3651f8cadf550ae30a8f4dda5863ded8de3408edaa13ad503,True,2024-09-22 18:24:49,2025-01-29 18:24:49
732,stevenvargas@example.com,6fdaeb861fcf7cdeef728a243f920db52232d177030a57b7355c358cb4f93a25,True,2024-03-07 04:09:23,2024-04-17 04:09:23
733,jessicapayne@example.org,17d3c7fab416714edfb39b2557b91b47e7ed61f4d5beb61e27292d4f4ee503bb,True,2024-01-27 17:28:41,2024-09-23 17:28:41
734,adamortiz@example.org,685dd713e42b0ed4362308bcfbf5f16cd80979c609a808517d705ee0fa55af08,True,2024-02-01 19:06:25,2024-02-10 19:06:25
735,cynthia05@example.org,cb4d2c5dfc1d7e889074a4cfca6170c017b9ba7a84c4d1326905285e75f0bd9a,True,2024-02-18 08:29:20,2024-11-20 08:29:20
736,usweeney@example.com,e039d4aed85ed28f7b700f61a41fef9d12fe3c0fa53a9ccca88f4b0ddbff857c,True,2024-04-19 06:56:16,2024-05-15 06:56:16
737,harristonya@example.com,9074bcb6f2112354c3fcb5d0fff5d8d05737e1c80fe6b3eaab2ff3a888c236d7,True,2024-02-24 02:57:20,2024-08-21 02:57:20
738,jwoodward@example.net,8552489741c5f9bff763c1d2aeff6f0da61a057eb2572e930b97d0d47a06d823,True,2024-06-29 12:26:42,2024-10-21 12:26:42
739,christopher38@example.com,d9c1268bf730e57455a52bee6375877cd4e9739f4bb0b7db9ebd3cfeb6f10b52,True,2025-01-23 09:31:39,2025-12-21 09:31:39
740,stephen19@example.org,e9f72375787eaf6c17814ec2be66bceb3e283c6700120ffe7e9b64fd78032d25,True,2024-11-15 16:27:42,2024-12-20 16:27:42
741,danafoster@example.net,94cf0acdd6963776ac77c03b39616f630eb7a022a19d206b3594bcd237a02340,False,2024-04-06 04:29:34,2025-03-05 04:29:34
742,grahamtamara@example.org,8dee3fbabc0aaf8ecae6bf5a336b0f62c14c9f12f283081eec5a5edc7c53e7b8,True,2024-07-05 22:02:40,2024-07-25 22:02:40
743,jose56@example.net,6bdd5750a521c4f804cd3d7f3a16360a7b790c6649ad58a8ea08e631923d9638,True,2024-10-28 18:38:43,2024-11-12 18:38:43
744,louis43@example.org,b8b644d4882658517bd6473fff1cd5e75e336221a1b01231f7cdad0286598470,True,2024-10-30 04:08:56,2025-03-05 04:08:56
745,derekcarrillo@example.org,a1d03ec25fd33165cca836c2153a4efccda426670c119271af4362bdaa43cb6e,True,2025-01-27 19:25:05,2025-05-09 19:25:05
746,danielcole@example.com,f5fe728a5a7a30475b66e9f665446b29812d95d4a43e1a197d3443a6375bffea,True,2025-01-15 12:46:58,2025-01-25 12:46:58
747,wmartinez@example.org,e1e522583840ca2adc433739828fe99cc8ecd2a4b2b09dd1dcbdd30071ca7b9d,True,2025-04-03 01:14:57,2026-02-15 01:14:57
748,qparker@example.org,bf71472eb46993e2ce94c2fd1d04ffde699e2951cd82a08f81cd25caa7ee0b8d,True,2025-03-27 11:42:26,2025-06-13 11:42:26
749,mooregina@example.net,cb6e8f97e0a87c3e86026596cbc13e8eed7b2f797b84a7cde8857d953744a6bc,True,2024-05-11 04:10:13,2024-09-10 04:10:13
750,lewismelissa@example.org,9aace3c44956b05681839d754bd6fc395b3c0af41865913541fc581d1060b55e,True,2024-02-15 20:39:36,2024-04-19 20:39:36
751,dawsontanya@example.com,31e41443ec5bd0c426ec50ec9b7c1e522509f7cf3566918c719fc7421e82a879,True,2025-02-09 11:03:16,2025-10-09 11:03:16
752,byrdjorge@example.org,9b8f32ac32252896f8eede1298e5fb47e94a1c66cf2fa1b9a3ebf9af34cc4f05,True,2025-02-13 19:04:32,2026-01-21 19:04:32
753,cranemelissa@example.net,0c17791feb24627e97023ac35990b6f8b8885a9fcdefef8f90340971effda2f9,False,2025-09-07 09:09:30,2025-11-04 09:09:30
754,codygarcia@example.org,514ec60e59e7dc76b4f1a97ce749103d803bbd2e19b808d357536c22bff03631,True,2025-09-01 18:45:59,2026-06-16 18:45:59
755,smithmaria@example.org,f3da531afacf87c422a712f24ab97240cbc6edbdaf83c8c40839c7665ff84187,True,2024-05-29 16:07:28,2024-09-17 16:07:28
756,jamesmorales@example.net,eb9d82941c131242b6903b0649593fa766fb4f35002155a6f5887a4727032093,True,2024-04-01 15:33:47,2024-11-25 15:33:47
757,aguilarjonathan@example.org,6eb69cc6e2361ea4b1296b31cc077bf83aa456b9a8dc7c77f05265ca003f937b,True,2024-01-15 16:59:57,2025-01-07 16:59:57
758,osbornjames@example.net,d22948a96a607a55c872218aea7d8050c22276701f9209b2ad9b9a646fd563df,True,2024-05-14 00:33:46,2024-09-22 00:33:46
759,flamb@example.com,70fd1f2880320bb0150ca160b7ed26282194dff35e58c2b7e82054cdf75117af,True,2024-08-10 07:56:30,2025-02-14 07:56:30
760,williamssteven@example.org,ab6b085f762b514ef3f51845166ffa9e650e88c96dfb07169ba2050debbe5fdc,True,2024-12-19 20:10:57,2025-03-14 20:10:57
761,zunderwood@example.com,ce528e6294d507f3b3bfbabe4fb128ccddae234b3ab4555d42f786032fbe32b7,True,2024-06-01 02:44:30,2025-04-07 02:44:30
762,reyesronald@example.com,7bec378fc7fedfb634cc0d7cfb06ce8ddee8621efbc2134fc46c69107bae0db2,True,2024-05-26 07:41:38,2025-04-01 07:41:38
763,rebekahhill@example.com,59af4a820b4e63cd70a9fbb98c83bd010411970830a0b5d5260f72af926e2158,True,2024-08-06 01:56:25,2024-10-03 01:56:25
764,austinharvey@example.org,6e4462a28a30b442e66c8fc074ab8a5db06fb0169d28586e1c0403bd43c2e36c,True,2024-03-15 14:15:28,2024-06-06 14:15:28
765,victor87@example.org,b46febad3af1828aa794a8a0c721ae3136777edec4f591cf0d3a903b48f853d9,True,2024-10-20 17:02:19,2025-03-28 17:02:19
766,ramirezderrick@example.org,82abb135ba429d890cd9202d9bbfa336a39b0419bf57448a4276d8bcfbfa90cb,True,2024-02-17 08:51:35,2024-04-12 08:51:35
767,crystalpham@example.org,a6792edc7c3dafe3de71b145a029207d1d6aff226b61eeb1f9314fbaba5fc54f,True,2024-02-02 02:51:14,2024-11-24 02:51:14
768,wcasey@example.com,18aafd2f697267a426dd830c0a73ac925338b46158d04234eaa238d77e6bf6e5,True,2024-01-15 20:36:43,2024-01-28 20:36:43
769,kcooper@example.net,d36d9df17990558df42b471215de9ec330612792375b852bc4ce6288e192635b,True,2025-08-25 05:27:10,2026-01-31 05:27:10
770,paul20@example.com,4de9b9a494b0409146c70141e29e5c69f5c5f26954ac3108a41fb679986506c7,True,2024-01-02 09:19:02,2024-10-22 09:19:02
771,anthonycochran@example.com,6d01aff6347d468ba6ce736370ea0005508067ed8632e95c466f10b6e89213a6,True,2024-01-09 13:24:28,2024-12-20 13:24:28
772,stokesthomas@example.com,4160dbcb6972a08fe3247a8ef5aeb9a82d1b6d3bba29b49558e1a7fbe22ab904,True,2024-07-27 16:47:00,2025-02-04 16:47:00
773,terrigarcia@example.net,50d44858dcd5081051a134443525ddd94f6f2d36e4dcccf4c2b9338e1bcb3317,True,2024-05-22 06:49:20,2024-12-11 06:49:20
774,josephvelasquez@example.net,91e8b75fbcd26335155ee6ba1f642e1abcfe8162e3ed23f4c83a854b22880f91,True,2024-06-16 08:53:58,2024-09-25 08:53:58
775,gallagherstacie@example.net,d86f169ca91feb83bbb0e920a9d0604a90de8085cd43a650593bf77f22807f51,True,2024-09-18 14:24:21,2024-10-26 14:24:21
776,lkelly@example.org,055a0116f70b6be188d573214ad49e97c8d873c1398e4cc89acbf16e53cd40a7,True,2025-11-16 11:17:44,2026-09-15 11:17:44
777,brittanydrake@example.net,e0a061b732411bd609fd71183c9566e8f6b43213691e8bcf579568e0ece7ee9f,True,2024-11-21 00:33:51,2025-11-09 00:33:51
778,robin05@example.net,48f81c012b1ed1b53477eb491e11cbc9f2bf49f66115ce7dd273e4a3218c43df,True,2024-08-04 16:06:56,2025-06-21 16:06:56
779,annalopez@example.com,9de00f4b8dddb72a5340366edfff8c7762d5b4bcd3ae213db1730bff7d0c90a2,True,2024-02-03 18:57:48,2024-06-06 18:57:48
780,gregory01@example.org,c41c412de7de141074f0871368e64d16bd319fc743ca3447c3753099751fcfe6,True,2024-12-03 06:19:55,2025-01-24 06:19:55
781,carolynsmith@example.com,39e2c3ed629fa309cbf4499aa19271eafdf77fc0449fa2cdbb88a23c1849b470,True,2025-11-27 16:49:13,2026-11-18 16:49:13
782,riverachristina@example.org,470974af90f6964e30124fbbb4d90cfc5953f5739f30b2929ca71c9f767983fa,True,2024-04-14 18:33:26,2024-09-15 18:33:26
783,jennifer50@example.org,2b5c2c29954f6dcadc9a2e968656910bc0f6bce03bd212b2a72dc15f67358871,True,2025-05-01 04:55:37,2026-04-16 04:55:37
784,brendastark@example.org,67cd97c4f0a8ebca21ae8a9b360b04d030a583850a8747d4343136c59520a9bd,True,2025-04-29 19:36:19,2026-03-02 19:36:19
785,susan56@example.net,55bea9f8297966692ba567243f75b2599d6dea0458baefe406519120b9b7299a,True,2025-03-02 02:41:47,2025-05-02 02:41:47
786,rogersmarcus@example.org,533e78b3047d4e17c62654b22d660a0e6166aaa8966782c1b5e6d888ec22bd6f,True,2024-09-12 03:23:25,2025-06-28 03:23:25
787,fconner@example.net,523d4c52993aadf85c1628bfcedba21e4893502026af9463c68d1dd6efe8ba9a,True,2025-06-23 02:01:56,2025-07-14 02:01:56
788,grant89@example.com,3b5a5bdfc5b550ea4edc63260127c7c5e14aaf6f6ceb2332568de65262febd14,True,2025-12-11 19:21:15,2026-06-06 19:21:15
789,elizabetholsen@example.com,1b529b828dfa031d828cbba4c71948d4183a8b031a84f2ab0900e5a9a88f8f97,True,2024-11-27 11:26:14,2025-08-26 11:26:14
790,jessica42@example.org,6416a9897600a55f2fea8c1dbccc6fbba2a6542ec5ca5533148ddb78f89c837f,True,2025-04-14 01:15:56,2025-11-19 01:15:56
791,rushstacy@example.com,6b4607df4e50abdbb7a95ed017101b1a04681d07e372010987c025ae1bc107d4,True,2024-12-15 05:34:59,2025-11-18 05:34:59
792,whitelucas@example.net,3df9e8b4fd220feee78777602287ef42f3d716ddd0832b1a8c521b39a3e741b9,True,2025-07-21 13:35:35,2026-01-26 13:35:35
793,daniellegarcia@example.com,4bff32eb1f97f72b859cd8fd45c3c67af824a658796f937420390f3933789968,True,2024-02-24 19:16:35,2024-03-30 19:16:35
794,markmiller@example.com,abb5a307ee0fae1b81c16ada40d339c4bf4cd4c472feb0fcee17e837434e95bc,True,2025-01-08 05:34:49,2025-09-24 05:34:49
795,gary15@example.com,8b12171d78b31019c4377639ee355245733e5f02a880bb3558ac74b5be74f4fd,True,2025-06-29 16:34:36,2026-05-26 16:34:36
796,bakerjohn@example.org,3a8d796d81b929f152be9e7c738aeec94816063eee3dace0401d5876830b4ac8,True,2025-09-28 07:59:07,2026-03-21 07:59:07
797,jonathan10@example.org,de29f617e3f38237790365b8f2562ceb74fa15c02ee4893fc6602c08bdf11521,True,2025-02-03 08:12:13,2025-02-09 08:12:13
798,akim@example.org,e5648ea32a1ede643a22f97844acc0fc26c332eb4e59169c19be48d0224a1024,True,2025-02-19 14:05:25,2025-09-22 14:05:25
799,ysnyder@example.com,c40d8102519c260f8c7b6b23545e4313ee3abda374cc0475edf03b9dbea49d7d,False,2024-12-20 17:27:29,2025-08-27 17:27:29
800,egarcia@example.net,b7ac19b6eda4054e4791383421e54fe4185f6c398f7a8177cc5778984ead370e,True,2025-01-30 08:38:47,2025-03-25 08:38:47
801,franciscojones@example.org,5e91c52ba55eb23feddea0433b7a5ddbd13c162801a15b9cb9e6e4674978df83,True,2025-08-29 04:20:01,2026-04-07 04:20:01
802,andrew41@example.org,935ff0d67db9b310335c9620f7e02e5ad8d58dc610ee46b2229ca0c85b88844d,True,2024-11-20 02:58:36,2025-05-24 02:58:36
803,george62@example.net,183a3181c4cd93f9a69c4b56e0a6c95c09693b48ddb08263b47e64587acb00a1,True,2024-10-29 09:25:37,2025-09-19 09:25:37
804,paynerachael@example.org,a90ce25a37438a7d8b4be5d057438cf0bea50193eb11e040f330d9d28f3074a8,True,2025-06-09 04:23:02,2026-01-30 04:23:02
805,brooke97@example.net,aac38064277629c3f1b298a18827d79e76f51026e8b234d3188629fe672af9c0,True,2025-10-17 07:50:38,2026-10-14 07:50:38
806,reynoldsdesiree@example.net,dc6f59f91484989f22b9be4127e99248d63e1dacaa4aabbc526eaa2ade2401e5,True,2025-09-09 10:40:04,2025-11-26 10:40:04
807,gmoore@example.com,4b4991a5083f21100f058cb80fad4ef5d32a47de825aba1a0119b5dfe07d2c30,False,2024-06-04 11:09:03,2025-01-12 11:09:03
808,terriortiz@example.net,ca350f467cf3195013aab7aad0d3157bfecf25a302619f80d58d07c3ac5208b4,True,2024-12-08 23:50:34,2025-03-08 23:50:34
809,donna43@example.org,84132d25b763a44c3051d819c45246a7606346471aeaf05600c8b058c7fb1385,True,2025-04-13 14:02:40,2026-01-05 14:02:40
810,longandrea@example.com,47f414ed53084a0207576618d8edd968262b6b8e0f5e99579c6845a958ddf46a,False,2024-04-01 22:59:29,2025-02-28 22:59:29
811,briansmith@example.org,b13ac34cde68441abace86106ef194612728e01be1e530776c194920751d8054,True,2024-06-01 03:23:33,2024-10-17 03:23:33
812,madison97@example.org,bc7e2c555aaa82e46b9bbe8c748a9a9c96b0218ea3164bdf1f46d67749bae635,True,2025-01-18 10:47:58,2025-11-29 10:47:58
813,johnsongeorge@example.com,4e06cbec5c4ede94157768c6df05c3bf3bb65bbcc072df22efaac54bd34d26a8,True,2025-01-15 14:01:14,2025-10-17 14:01:14
814,wellsdarrell@example.com,0de5c3411964adaac1e8e00b2bb7bc40dcd83d567e5be68aeec14f4c0b8723fb,True,2025-02-13 15:57:50,2025-10-18 15:57:50
815,qburns@example.com,45a18316bf5d478ea3dd0e38468812c662e90bb1a242710fdec3f7112d4adec1,True,2025-03-14 21:54:44,2025-11-07 21:54:44
816,maypaul@example.com,c8f1ccb221db66caec14cf77eba6d1189caec13e7a4cb5a5d36a1817f7322a09,False,2025-04-04 06:16:12,2025-11-13 06:16:12
817,cwood@example.org,0763952efc0c8c7398d999837a3bdcf8ff78947239bf8230324184603fc9b2f7,True,2025-07-25 02:46:00,2026-05-24 02:46:00
818,scott43@example.com,3080f3b683816c09eb52fb2d41168763683326986f8c7fbfce71d78b7fd6439d,True,2024-01-30 18:54:34,2024-06-15 18:54:34
819,hernandezheather@example.org,52e59dc708f05f70857e431e912baaf0b8f036a65161f5eac16b418f4d1c91d0,True,2024-12-27 18:26:56,2025-06-10 18:26:56
820,barnettlindsey@example.com,f2e063ed6793bc099ac151d2485ca6bca236951bacdc35b58543bdf2f5b4e057,True,2024-06-09 12:35:43,2024-10-12 12:35:43
821,angelarandall@example.net,a554def549c9b39de2efa7c25796f0761cbb9cfaa208cf37096bcc24180a9d2e,True,2024-07-15 06:52:13,2024-08-28 06:52:13
822,rsheppard@example.com,4f8d498f9e0c1e2819fc5b96b81368c80d1f909bb6f5107a1931abcc5d298df6,True,2024-03-24 11:21:14,2024-08-13 11:21:14
823,thomasmiller@example.net,a5c3633dffe57c2db9d2a74c4878a66caa798c32f063ab1d32a342746ef61c1b,True,2024-06-29 13:54:41,2025-02-14 13:54:41
824,shawrachel@example.net,c0b025a12d7f5901a67bc601f2236c9469652eb13ddcbcfff93310f76116fbf5,True,2024-08-31 21:21:33,2025-01-02 21:21:33
825,davidtodd@example.org,240947141a80ff05c1eebda89fc7a8f1a90dae84343e551d4a951bc354a75c03,True,2024-12-23 22:07:44,2025-08-17 22:07:44
826,teresastokes@example.org,1d4a7c9bbb510c0d2021ff8fea9eaf1b5eeb459437f1a2193722501c4c46f8be,True,2025-10-25 14:04:25,2026-08-12 14:04:25
827,hendersonvanessa@example.com,c08b9acf11dfc9ee23240f8ff525fde11cdc2d4ff043cf09137d85f4e50fd604,True,2025-07-31 06:14:49,2026-06-08 06:14:49
828,wendyburton@example.net,237004653e5208c9f5a1a145de7a696a7992480b36eb2bc42ded6fd7057f4df6,True,2024-03-01 07:53:41,2025-02-06 07:53:41
829,luis11@example.com,d94a7f4cd867137294ba607bf98570d1c3498888aefbe103508d46a58f9531e1,True,2025-06-09 21:25:38,2025-12-20 21:25:38
830,rarnold@example.net,85e6ae4bf7443ccacb3fb748d2cc31ad84cd9a5940152e3514cd47e086823acb,False,2024-11-21 18:12:50,2025-05-12 18:12:50
831,astark@example.net,0a1b6e7ba941a3ebb4c287b1ed9919c722a2a1cb6d6377db0612c918f19f04d2,True,2025-06-01 01:44:52,2025-06-15 01:44:52
832,jrodriguez@example.org,3804dd313e210efc80a55edb3354990e6027536ab7e37d0ec13d3e14fe91b345,True,2024-07-19 07:29:37,2025-03-29 07:29:37
833,buckleyanna@example.org,e29d2964465c3790a31db11e5c8d2bef35be57375af5caf7c808f0f820185861,True,2025-01-19 12:36:32,2025-07-04 12:36:32
834,mikayla56@example.com,383ca0fe8cd4177b4891abff6778eb6c179f1df3f0b9ac71ed7d46330a20a466,True,2025-10-03 18:19:21,2026-01-04 18:19:21
835,kpena@example.net,889945c253bef6dbe45a142050d72a1559105f995c3ba59b3ff97e2a74deecfe,True,2024-01-22 20:43:21,2024-09-27 20:43:21
836,rjohnson@example.com,5b15b8495e940379f56f79ab237c5c0bd89e67249893d652ee8622c79291084e,True,2025-11-17 18:05:49,2026-03-05 18:05:49
837,christinebecker@example.com,ea4517a884f994990e3e9a9912b59728ecaf1ab56122cd5fa9be239b93b0e8b9,True,2025-02-17 05:16:14,2025-08-17 05:16:14
838,fosternatasha@example.net,48ddfdcccad8cdf1eafe2914772e5455b6a8c4070876a120e845c55fa3a6ba15,True,2024-10-14 13:20:52,2025-02-23 13:20:52
839,brandonalvarez@example.com,1928399282fa7ab8d286942850e97f6077326d1aabc2b5c253695022c06aea60,True,2024-08-10 13:15:50,2025-01-31 13:15:50
840,andrew44@example.com,fd32fff6d2c9eff8ff7b0f5e4ade8ebfe98b6d8008ac442ddcf89d1e40ebe7f0,True,2025-04-28 14:49:34,2025-09-18 14:49:34
841,rgarrison@example.org,7d9fe9eda6ba7cc2a4fb268faca30d07615fad591521233ba3f82fce1f9066e0,True,2024-06-26 01:18:02,2025-04-27 01:18:02
842,dennismccann@example.com,1fd1c693b20219085af9b8f441331d324310a16b63b1e31942fe523d0615bc54,True,2025-03-28 10:46:05,2026-03-22 10:46:05
843,joseph69@example.net,68bb1b13d216cda9173ffcd82b99d9232ab4d047195b750435403bf0141bdedf,True,2024-03-17 08:34:53,2024-08-05 08:34:53
844,lopezjason@example.com,51475ee40f80e295d5b698be56229c21ccec2d90092bbfdcf977f0adaa814190,False,2025-09-17 17:31:25,2026-06-28 17:31:25
845,xmalone@example.org,f045e977b7644136c60f6befcff5f0e0083e94993cd92b629180b43df3cdd63d,True,2025-07-28 16:02:37,2025-08-02 16:02:37
846,cameronmckinney@example.com,b4b4de68acb6ff3ff8fe902a062e671229d25c6a940f8221db7c4c80345ab1e9,True,2024-12-30 03:20:20,2025-09-20 03:20:20
847,kimberlywarren@example.net,e4468ee3440f0e547a80a49e7a6c629d78a072f74904c3a26abe1dc8353ace55,True,2025-03-18 13:10:27,2025-06-23 13:10:27
848,thompsonnancy@example.org,b9a3b2524588d13b5e29a644f0bcb1d727ace3d5742f52604aaa649291a51db2,True,2025-10-09 17:18:38,2025-11-21 17:18:38
849,wrightstephen@example.com,0f6fb9441b0eb18dd0bd78b4822a47739f3c22e07b7d566e8fde8ad4d91c6ff0,True,2024-03-16 17:09:14,2024-07-17 17:09:14
850,joshuacolon@example.net,817f440f452e3ca560bb598a8f70b247d4eff5e7384ff6808e1b36b176a65949,True,2025-12-03 21:41:46,2026-06-29 21:41:46
851,hreid@example.net,1c72705313220ceb3fedcf7fbd9da9477130d082005e8b8dc7a2488e857d5b26,True,2025-03-31 05:13:45,2025-12-06 05:13:45
852,allentracy@example.com,8ef84416fb94a43bd1774dd47d38a9ab1323f8a322798c7af9033a8e09c228e4,True,2024-06-19 05:40:03,2025-03-30 05:40:03
853,susanwells@example.net,9b02d4a34807e9017de6a1e9a6fe8b2e93269534382e4cb8ff4538081bfefe44,True,2024-10-06 09:16:33,2025-02-06 09:16:33
854,max41@example.com,0ef1891403aadcef052d454367808d49de6cd7c99c2d7dbf8c707d19c914c6dd,True,2024-04-10 02:37:24,2025-03-29 02:37:24
855,hughesfrank@example.net,38f5d43a0805a10a57c1fcd552f60395100fa827b5f148d06839ac2f0a34d380,True,2024-09-15 06:02:29,2025-05-16 06:02:29
856,mercedesholland@example.net,f9092d2a386bf4900f6fe6c578e7cd600b32b4b7a4821712b5b5d4d137fdf71f,True,2024-07-18 03:42:16,2025-06-13 03:42:16
857,josephortiz@example.org,b68cc975736fb4c4072cfc767cfd1145cc2c29d495a2cf7cfaa26b3eeace82bf,True,2024-08-06 05:54:01,2025-08-05 05:54:01
858,wellsdavid@example.org,9bb9d78ee774c5cd37030c124426d950da99b56ed9a8983fc439a8a5f0a89419,True,2024-05-16 12:38:03,2025-01-22 12:38:03
859,walkercharlene@example.com,b109a729dac4f8edf38b935f3d94cce2fea49fac632fd3accb5c4b10f64379af,True,2024-06-17 04:11:01,2025-02-01 04:11:01
860,rodney65@example.com,86da00eac46c1eff1665d896fe096035bd53f4723089e41b330f74859fb133b9,True,2024-05-10 10:45:06,2024-05-18 10:45:06
861,jeffery48@example.net,f50e4d4768fda04dae687a765db32d7a6700892c651a325ab281f2afc7044043,True,2024-02-27 22:35:22,2024-04-14 22:35:22
862,asilva@example.net,e49965a3187f7ac1f8ef71ff61d17210e4c4f9ea113e4e54d5f55603b88e7f3a,True,2025-02-06 08:50:07,2025-07-06 08:50:07
863,anna99@example.com,999377f283db82fa906c73cfacb480c4a74f4f3160cca5279632046e28c8e52a,True,2024-06-28 16:29:20,2024-10-19 16:29:20
864,gabrielle71@example.com,68105c8708ceb6d858d7ad0351d76dbb1a0624e1683b2e8f1239937276125a80,True,2025-11-04 09:54:34,2026-05-30 09:54:34
865,danielle44@example.net,e12ab9e9d81ee5df0226c44d9613ae9fe726c5736eaff3da51d418b0fe9c7a11,True,2024-06-11 17:21:33,2025-05-31 17:21:33
866,jacob83@example.org,6d1a697f3b7a521053fec650c4d3acadbae61763964cae8cce6308637fb02287,False,2024-08-12 04:56:02,2024-12-14 04:56:02
867,rguerrero@example.org,1a63d02db5a684b02c43b8a8ec23401d1caf2226256c485b58e90c44c803746b,True,2024-10-27 05:17:11,2025-04-01 05:17:11
868,rioswhitney@example.com,eb672e12c90f4ef702c7f6a0ace2325112023ea1d9f87d440f0962117e410474,True,2024-11-21 15:30:00,2025-10-26 15:30:00
869,vsullivan@example.org,f6532623ea1185c6bde8869210eb1556f291954a77bd24778d5241b4d3e76789,True,2024-04-10 03:42:36,2025-02-01 03:42:36
870,matthewreeves@example.net,ac37caef70cbc865daa17ab7262c5e6bdf84f59442f91ec7bf97dd14e59662db,True,2024-02-08 22:38:38,2024-08-14 22:38:38
871,qknox@example.com,53e5228a3e3376d75387acaa83a9a58ef7e9aa88d85e942b09caff9972fd3cf5,True,2024-11-30 08:07:03,2025-07-30 08:07:03
872,megan82@example.com,abb2d5657e1ae484bd53522787f5a9b9ae2078e3cee4b202aebf7de9df320a80,True,2025-03-29 07:25:54,2026-01-06 07:25:54
873,ruizjoyce@example.net,29ec74e2e38ffb3b3501c481e13db05f1ef894cd3a3f8b3095b40222d0ffaf04,True,2025-07-02 03:47:29,2026-03-30 03:47:29
874,staceylam@example.net,c06b7d7f9c649e42826fd1b24395f5daf5d64e10e4b2984d57d6199ff80f3422,True,2024-05-20 19:33:31,2024-11-12 19:33:31
875,walkerjeffrey@example.com,f4662d2ff55e36bb9d4fdde3099d65ea7e1802f409dd05962bc1a0503191bf39,True,2025-02-03 01:41:20,2025-09-08 01:41:20
876,vfrench@example.com,4ee1b793180a68a6af093ea8af25d41c5c5f57a92d8be08e23abb73d5c749cc5,True,2024-07-18 06:44:34,2025-04-25 06:44:34
877,brenda71@example.com,706c3171616792429edc50c647dea4bcd2e48b781b3054b290072e31b0410351,True,2024-02-09 09:23:24,2024-07-27 09:23:24
878,delacruzbrandy@example.net,19d661d6a145e09dc1c34a57be6d909fd6d5cdb4ddcfa350af73407072ecc33f,True,2025-10-01 06:19:33,2026-03-30 06:19:33
879,kennedyjames@example.org,766be791fedf7adb7f18b414cc2cf266c06af876b00e26f6a45d3ddc2336aedd,True,2024-09-13 08:31:58,2025-09-07 08:31:58
880,amoreno@example.org,72c205c12d5df94ff059929308c0eb9bccb68735b298c93858a862d62f96c0d4,True,2025-04-08 07:13:22,2025-11-26 07:13:22
881,derrickgonzalez@example.com,7e4b20609542c754d58d28fe007ecb937d0f0ca3f21b31cc01d580460d87631c,True,2025-05-28 08:35:10,2025-10-13 08:35:10
882,tthomas@example.org,b7aed05a9d4f8978291ed4a5c7a5aa67da712b4368771255b9f49258dbff6379,True,2025-06-23 14:43:52,2025-11-26 14:43:52
883,freemancrystal@example.org,2c64e1e7691a88d3df5530af55d13812e7dc182dbbbaef56a691456bc75b1096,True,2025-04-26 01:43:03,2025-09-01 01:43:03
884,cynthia07@example.com,a2c0638d2384ed3cdc63cb46b50fdf2d339d5df99f76e697a957d58e96959b29,True,2024-07-09 14:58:13,2024-11-04 14:58:13
885,kathleenjackson@example.org,82c4bf9bd5981432c9c2ed9af76eafc1083db80a0dd1d9e8d3a89b489d7665e8,True,2025-10-30 23:54:59,2025-12-30 23:54:59
886,xglover@example.org,d412e3f5201ca462e2b725d749bba8370420f5c17971703e60aff579d5f2c02b,True,2025-08-29 11:38:54,2025-12-05 11:38:54
887,christinaschultz@example.com,a49a94e34ff6b509338536954ec7e5b154eebb09acaa14462dba51f77a28a6c3,True,2024-11-17 10:12:32,2025-04-27 10:12:32
888,ysanford@example.org,46377e5a66db665861aa81f5577f89011757fa1e5dbdaa3424896da2f6535556,True,2025-11-01 11:48:37,2026-01-01 11:48:37
889,fergusonjessica@example.org,9bfef953c72f459075d5c2a2c63a596d26ebdae201808778a28ae04beb641a37,True,2025-01-03 12:43:19,2025-10-04 12:43:19
890,katherine83@example.org,da9bf2e19561aac9a49066f1e355e30830bde0d33271aaa1acf3b839c48c1d0c,True,2025-02-27 17:53:55,2026-02-15 17:53:55
891,simsjohn@example.net,81975b8ae09c30e2ef7923a1cecf2be1cc388933ee638a127cf09ba2cef4afb2,True,2024-10-22 00:14:51,2025-01-24 00:14:51
892,larry16@example.net,11c9eae7ce79a766d60d35aa1eb3db02bea2536061a929467a2453fc1017c027,True,2024-11-30 03:22:31,2025-03-08 03:22:31
893,gary04@example.com,9bee7162c1ab77a7b754e6e67cd4aeccec48d6e22d541d21366b0e8927e980f5,True,2025-11-21 22:15:59,2026-03-11 22:15:59
894,mluna@example.net,f973c39108bee03f65f66cd96732190fbaaae4fc547c1731b319c3b23f1f56ab,True,2025-09-16 09:54:00,2026-05-21 09:54:00
895,ryan25@example.com,c45b39de3b55d0973ab5e82e91b495476e487c18f5606087fd29c4d13e6059a8,True,2025-01-19 03:58:01,2025-06-09 03:58:01
896,karen26@example.org,a08efa88ca2f76849d39094cf9cecf4cfbf58b0c93f4b13478482492d69c16b6,True,2025-07-26 23:31:50,2026-05-23 23:31:50
897,jeffreymercer@example.org,535fbf7c8cdfbf8fb14b686693e5e44c8df0521d889fbe7c779191b0c9d7cccd,True,2025-10-23 23:16:35,2026-07-18 23:16:35
898,lawrencegary@example.com,9d92ece9e9899164b412b30fb7f5d0ef9e695a897e4a41b7b32778d02b1954e0,True,2024-04-27 15:01:35,2025-02-26 15:01:35
899,brooksdanielle@example.net,95cd62f409a005ee5293447d9026352177831afe4e057afdf7164c3e7d65f578,True,2025-05-26 02:04:25,2025-10-17 02:04:25
900,wheelerbrandon@example.org,6e7a09065d527b764e2385721200359606ddc52cc0677eb173964942d8d5a75e,True,2025-06-05 03:52:37,2025-07-26 03:52:37
901,williamsdarrell@example.com,f5dd9d6ccd3e02bd7fe7912e148303daeaa4503f3c2500e29231813f4b16d775,True,2025-11-27 02:49:17,2026-03-06 02:49:17
902,qmartinez@example.com,efffdff241bb507a7506d2c5e03de16618ee981d9ad57519b7a1fd145f715743,True,2025-07-24 12:38:34,2025-12-22 12:38:34
903,jamiejennings@example.org,5c440a3a353a5b9064153ed0c86f7b8994d9a4ff96093ebf225aac9636ed5469,True,2025-06-28 06:31:58,2025-10-22 06:31:58
904,robert18@example.com,9f4a8c06cd91f97cd7efbad7924c5ee75ccde6bbedf3a7b6c3334d2485a4f7da,True,2024-01-23 08:04:32,2024-07-25 08:04:32
905,robertroach@example.net,7d6fed26be45702a017b25161cc46208be86ae716278fdfaae793baf1de0f325,True,2024-01-28 15:08:56,2024-04-28 15:08:56
906,campbellkristen@example.com,e0f0846913b21c6c07e964974241b0814f7a27ca2b269f655c45d84639e0c86f,True,2025-07-10 15:40:16,2025-12-11 15:40:16
907,chelseastrickland@example.net,f5f3d067fb904d2445f5c385cd11dcf2efb116ef98731d45b3863157b97631e6,True,2025-04-29 21:40:48,2025-05-06 21:40:48
908,michaelortiz@example.org,1e1a1348f4584d0e74edd0b30604987578bd97839d2d7b3c37459e6335cc2c01,True,2024-01-07 12:46:28,2025-01-03 12:46:28
909,kelleyrenee@example.net,847f17db677fd4714fe8be54b863c4b37414fc13f8534f970d053591b8450f7d,True,2024-07-16 22:38:39,2025-04-15 22:38:39
910,arivera@example.org,5db0447d0eb4232313db9d0aee3a1e980c231f1b0aa6071fe4974782535450c8,True,2025-07-03 02:04:20,2025-09-05 02:04:20
911,meadowsmary@example.net,6b0fb161a101ccecd1d42f26643c7b8e4b8c9e9a5ee0970b9f218e184da6cd19,True,2025-03-17 15:28:43,2025-08-04 15:28:43
912,fhernandez@example.net,5575048134ff172736082713d77169afe4c9f06d37d82c50046a9a50103662de,True,2024-12-19 01:34:48,2025-01-11 01:34:48
913,cummingscraig@example.com,f00087ee02dff397bdc609e1bfa3936e08049206b5202af8e5e73eabcc2d97fc,True,2025-11-23 12:14:50,2025-12-20 12:14:50
914,stephenmadden@example.com,0779b26d8933d288a919ddb47f6cab1317fce33261463516ff36896424f9e108,True,2025-12-05 20:05:20,2026-09-14 20:05:20
915,lwilliams@example.org,130b2369f1339248f7c174a46b66ea60b945baaef37fef9ab389e47e20b5f29e,True,2025-07-12 13:20:27,2025-12-08 13:20:27
916,michael56@example.net,12ff6eae107d5f23ff3283f61bb1da1296c55084a7b5fc93c90732485898fc45,True,2024-07-29 15:53:38,2025-07-21 15:53:38
917,daviskatherine@example.org,d84349a146103cb92e911ce738a546c6192ecbcdcd63d2141c1c8787dee64a40,True,2024-03-16 10:25:07,2024-05-19 10:25:07
918,christianelizabeth@example.org,a0fa5e15f5c53638880c13825d678ec0184b52328d2ec379e267db1891bfcf47,True,2024-11-12 17:24:40,2025-10-04 17:24:40
919,michael79@example.com,8cf38f42d293b08cbaa4aefb5b96478729fff97ec2ec4daa5acbb924a2598241,True,2025-04-22 10:16:10,2025-12-29 10:16:10
920,watsonmatthew@example.org,8adaeb642b26798f4759d3672b043c3ea82ab4e7a655921c0c2f96612028af57,False,2025-01-18 17:08:27,2025-03-11 17:08:27
921,dross@example.com,f9df2e144b4529ec1d6d4548fbad0c18bab09cf0906d30975f956a24e496097c,False,2024-01-12 03:44:06,2024-01-18 03:44:06
922,evaughn@example.com,eb086e34bc5e6315583583ffcbfdb14c6dcaec1c819df418f7c1268ebf95cf59,True,2025-11-04 17:17:04,2026-08-24 17:17:04
923,danielhorton@example.org,36020a03fb0eb118b885f8daac86a7d795eced5d6da8f92b95cee4f3d936a84a,False,2024-03-08 16:07:19,2024-07-31 16:07:19
924,dalepruitt@example.com,cb38540b5aac21f82a8e0f8a4dc6de5af71cdfe35637e29f93821fc5efab6bf9,True,2025-09-25 20:01:29,2026-05-23 20:01:29
925,ywhite@example.com,094618472022c84b93c711675b6f1dfead93f86e7dd732d7955b618e2f5fcdb3,True,2025-11-11 03:08:30,2026-07-14 03:08:30
926,huffmannichole@example.net,e60c54459a6ad9729fcd88055f1a3b91b0da8d0c78a8219b0ff60bc72d601235,True,2025-12-04 16:44:51,2026-07-17 16:44:51
927,timothyfreeman@example.com,5c02ad4146e6bb34cb4be1fa6cdb5be0b7dac39f98a283424d7da1e130beb8ed,True,2025-01-29 02:14:43,2025-07-22 02:14:43
928,qwilliams@example.net,87c7ab44d9c619376184543a8420033c7336ef5d88e9cc39a38bcbe1d2fa8943,False,2024-10-18 22:08:11,2025-01-20 22:08:11
929,alexander89@example.net,b89ebb8d3dd8847591f007dccb27b67b7b15747b27194f07055bf0ab308968c3,True,2024-02-28 10:02:44,2024-03-25 10:02:44
930,tiffanysantiago@example.com,f0f37dd705d06e12d61c551d3c316bc91630502bc7065c575f6becd140ab430e,True,2024-10-25 18:21:44,2025-03-03 18:21:44
931,reynoldsjessica@example.com,267edc5c2e0d47a11dd279328c45cb9c0acf2d94ebbcceae2d5f68407eea51c4,True,2025-11-10 00:57:18,2026-07-12 00:57:18
932,elizabeth62@example.net,ed5212f13628d88e69a167192ccfe04eaa1bb8a15060447de7af0ba61b362cb6,True,2024-04-16 08:08:53,2024-06-13 08:08:53
933,smithsarah@example.net,7d2a6f5662f7225c5beca50ac1b8bd01d6f5c229c352ed4ed54fc11629d69b36,True,2024-11-05 10:48:19,2024-12-08 10:48:19
934,kchristian@example.org,66dfb901d459f0c123525739e6b11091bbcc49b2f9bf2403749b3cc2c6314e95,True,2025-07-03 11:42:35,2026-01-24 11:42:35
935,vflores@example.com,f123a44638880cf4777242da3a3854e40bc28f2f81c32c7e53824ff6f06da964,True,2024-08-02 15:24:26,2025-04-10 15:24:26
936,hunterandrea@example.com,40bd3ebbb2a5f53ab7fe173876f124da6ddddb04b30f0b9e474d39b91a3ee5ae,True,2025-11-07 07:30:33,2025-12-14 07:30:33
937,fmontoya@example.com,7ab9440ba6af90697e5ee174a51f58a22e2ff62b578c6b4fbdab12d44517f641,True,2024-12-21 06:16:32,2025-10-12 06:16:32
938,csolis@example.org,76e93b3fbf6941421de377ff517aeb4ec1b8fd3621bfe51741a3dfb6ba6ae78e,True,2025-05-11 17:35:09,2026-03-29 17:35:09
939,hwest@example.com,e03983aee3964365b8df105c882b773df7399490feec422c81e0ad0a4ba35a49,True,2025-02-05 22:43:39,2026-01-22 22:43:39
940,garciarobert@example.net,40ec419f0b6237b4cc9504336385c57c756634c2e0045134ee1aa4ec9619ca0d,True,2024-10-22 21:38:22,2024-11-18 21:38:22
941,petersenlatoya@example.net,22719949f57206b64dee64f4fa0156f6e7880eb2006384c80d59a87c012bd45b,True,2024-02-28 15:57:58,2024-05-15 15:57:58
942,pamela83@example.net,4ceb39ed34161770f5edea21ef80c50c7251fe28d6f96645c3557905cd65c053,False,2025-07-28 21:58:56,2025-10-12 21:58:56
943,xclements@example.org,4f07d14d809bc13038d7bcaa3816917caee485350a1ef1d3391d2d70d9fb21e3,False,2025-11-30 11:29:21,2026-09-14 11:29:21
944,meganrivera@example.net,b5c714ddcbcccea4404d7e3461877b195693a3b69ac1572f0c091125e6c00214,True,2024-12-24 11:39:16,2025-05-28 11:39:16
945,xmoran@example.net,986f14abb066e8ad97bfe1fd9b8a5095db9a0b5c34b0f3259e308b270f08209f,True,2024-11-28 20:49:26,2025-01-10 20:49:26
946,wwilson@example.net,b014a625ad76ef122a5d8da28348ad3b5681207e93dc1814399bbe7cc97b293f,True,2024-01-10 20:07:46,2024-05-16 20:07:46
947,aaronkelly@example.net,118ed5336fe1d48e9ce2a6cf1087802c6b0c43e8c5f6ebb1c8fcb11ad86be5d3,True,2024-06-21 22:07:30,2024-08-20 22:07:30
948,amy51@example.org,70fc678e30e0f79b10b355694d04fc10f3dc689ec96e2ad7d7216ca4f4049428,True,2024-08-20 23:28:13,2025-06-01 23:28:13
949,travisunderwood@example.net,96a5053c36b0ebadeffb0b040fcf2bab1746caadccdc475113ae589b6afc28a7,True,2025-07-08 11:05:58,2026-02-06 11:05:58
950,nrodriguez@example.org,1ca9a9601fd91c727a9faf0543aec647fefd743387fca4b53106233c9a915c6c,True,2025-05-09 18:11:16,2026-03-15 18:11:16
951,davidphelps@example.org,0506e1ad3b6fb2dc00e75522441fddf224f0416f6d8c94193dc978b6a7702cae,True,2025-04-15 23:08:11,2026-02-14 23:08:11
952,msummers@example.net,d1c9323130eb485b2a6651769d3ec5bfe334794740d867c10ff8d53c0a2c1991,True,2024-06-09 00:40:19,2025-04-21 00:40:19
953,daniel60@example.net,d8f74f45a1d62ca69fdb4a362362ae4f597ba0aaa90dc4aa58c980f56ce03950,True,2025-06-22 20:50:22,2025-10-15 20:50:22
954,bartonshannon@example.net,a3293b3f68ec19881c4cd6293c0dd9766875cbd007439dc151e00900563f80c5,True,2024-11-26 23:55:15,2025-08-20 23:55:15
955,tamarasmith@example.net,99826b3ff6a585d1f1274582008e6abc1e38421b511502354cf5ef5895bb610c,True,2024-04-06 02:34:14,2024-10-17 02:34:14
956,tranryan@example.net,ff64f4e7baf8bc468787435f70314eea40ce2c8cecf8c0b9a078b2c31e4ca950,True,2025-08-22 20:04:52,2026-04-09 20:04:52
957,xglass@example.org,2bbc6c091618a90876649bf66324ffbb48df7700aa50524e3dd60fbdb3bd852c,True,2025-04-15 19:35:55,2025-11-27 19:35:55
958,jessicaanderson@example.com,ac0511f6b041738cb3eae1cd76063e659cdc38c4bf0d88b9bcfbb3a0e82ff0e8,True,2025-07-05 16:36:25,2025-12-04 16:36:25
959,william66@example.net,a95c2c2f41caf5a5d86229189a36f4cfdf4a4584bd3b431be831873bdde6c54f,True,2025-02-08 08:01:32,2025-12-06 08:01:32
960,joshuastuart@example.com,ffd9d9029a1eb5c54a8073fbc6b393f0acc13af40e5e02f05e8c4d2c5051bbb4,False,2025-03-14 02:02:22,2025-10-19 02:02:22
961,iballard@example.com,042dbb42d7f6453570076cad5435f03cc7a49e043ef6258d3565874d55fe1cfa,True,2024-12-10 18:42:38,2025-05-15 18:42:38
962,megan85@example.net,42a0f2f7d2841331a609552d61bdeebbe7adda4ce21fce89c94aa44a0d4485b8,False,2025-09-28 23:44:50,2026-07-16 23:44:50
963,jamesweber@example.com,2a89fc36d297cf9bcac634c9ff3cb2b77ba32ddcd5fab5ac6dce827ddfe9a2e0,True,2025-03-04 21:55:29,2026-01-15 21:55:29
964,samantha22@example.net,6ba3e25a30c81fbe65866c26c68374e5f97ab1aac8efd454a41453f30652549d,False,2025-08-01 23:09:00,2025-08-31 23:09:00
965,jennifer58@example.com,d61707f69f9472b3e57dea8eec8d057c428134b12eaf19f8d8793602c47f258f,True,2024-02-12 17:27:02,2024-12-20 17:27:02
966,icraig@example.com,a618fbf66548a5d8f3eaca783b4ff63ab53d46fa1b60c2274ceb8a271d082093,True,2024-06-01 15:29:56,2024-07-21 15:29:56
967,hstokes@example.org,fc888a5b55ad8f0d5f494303a6cf706f6a8385964f94905270c2231c2480182b,True,2025-07-07 22:05:14,2025-10-21 22:05:14
968,jamesbrian@example.org,35cbde14428d730363dab62219872b5ee7e67a0e9d93905924f83b91bd2763a8,True,2024-07-05 04:45:41,2025-05-21 04:45:41
969,josephfloyd@example.com,39b88d85d47f905ad5b0c49cbde2ddcddf4fd326f345c66dd6cfdb5c79346623,True,2025-11-16 19:14:10,2026-03-04 19:14:10
970,dwayne04@example.org,793faa9f1bd6853a5a74bca8864f5a3299d0f010a93aa80bcca4a3b4c451d777,True,2025-01-01 14:04:28,2025-05-16 14:04:28
971,howardshaun@example.net,dff64197322dc7b801fcf86bdc71a3cb7d1c94ab40b6d16910ee362220741384,True,2024-03-13 04:27:49,2025-02-14 04:27:49
972,juliahoffman@example.org,225e8d838b3658279a5cbb5803acb7adb785fbc68e5455d5eb30044d071abab4,True,2024-11-27 07:44:46,2025-01-07 07:44:46
973,heather06@example.com,1f27e0d89c0142d29ba644e9f4b63272aa8182b59ceeee2c2a572ebdfa6aa20a,True,2025-03-21 18:28:42,2025-06-09 18:28:42
974,rfrye@example.com,11ad6a41b82b9a3c306e4af42abbc082e7a7c2bcc848d20ddca1cab6202b53e8,True,2025-09-19 03:24:47,2026-01-19 03:24:47
975,smithjohn@example.net,eea7b5a34725e21a87586a320c4c16280258c0819f9c78f2be784438469c0382,True,2024-12-23 03:37:05,2025-03-21 03:37:05
976,ogreer@example.net,a101a0589c484305d84941319b1d0e4af68ec1e7473c03527ad402ac787a2d07,True,2025-02-25 04:20:42,2025-12-04 04:20:42
977,kari89@example.org,a488734f95da27c508985286543c2fab2f0ec649f89a665b5c70d20eeeab1e11,True,2024-04-11 21:51:30,2024-05-19 21:51:30
978,kellythompson@example.net,1012dde3d22c07687f620163e63c6682830cf51d8508ab2f2cb7961f32a685da,True,2024-10-15 09:58:21,2025-01-03 09:58:21
979,lopezglenn@example.net,727445f9903c9cf821d2a6206a5f24edab1504be88952a12d54ae5b6daccacc3,True,2025-02-13 13:23:14,2025-02-14 13:23:14
980,bennettroy@example.net,c06754a16c012524224c3d8f063c40d9a45effd815e8953b070f997b4cb97129,True,2024-07-21 12:16:48,2025-02-15 12:16:48
981,david94@example.org,d89985d13c68dc49f5aab167654158a7a2473989419754259b40fe4d05f8f3fc,True,2024-01-16 22:40:05,2024-09-02 22:40:05
982,steven20@example.org,5c4cb6c9e654115e1f4175e2a18a0c1dfbda8a21e0f9cdff140bf71133a31ec6,True,2025-09-02 12:31:59,2026-08-20 12:31:59
983,candice94@example.com,627166e0d537ec161c1cdc53cd96421fbc2595e7e1eca374e2ad798fc4ee4b4e,True,2024-03-27 13:05:18,2025-01-25 13:05:18
984,charles58@example.org,e1ef81fc213bd2ac2120dbab07e45a2ba70d4bbc00e83728a0eb22ea7235a5cc,True,2025-10-25 08:54:29,2026-06-22 08:54:29
985,abigailhartman@example.org,3f64e7b0cd3bbe7e8fc3ad349f9a74c1426bd1f668e1e3fd55300a83d37b8746,True,2025-04-30 13:58:22,2025-09-26 13:58:22
986,zdaniels@example.org,dea4375f822005a3dee7ba16464737b822531754d06a622f8ba5d072cfdaddaf,True,2024-02-12 06:14:34,2024-02-28 06:14:34
987,jeffrey35@example.com,cbe80651f806d4e4d89fed5c36753531e91478ae7c081b918f4814d48d616191,True,2024-12-31 07:45:51,2025-04-28 07:45:51
988,kelly98@example.com,7a7953b1655a0f8465ffedb4ae0e0c39107dccd1e2f6082b3dec406f88bf2b38,True,2025-07-02 05:05:09,2025-11-26 05:05:09
989,wilsonmichael@example.org,5423801a669b54d85810b23515d4b08fe4d13494db1a0f48aaf2e25ae4beb40a,True,2024-07-24 22:14:01,2025-07-20 22:14:01
990,susanfleming@example.com,d8b174572d19fd74c18ee4c26af210bca7cd5a41d922935e2363d03e556075a3,True,2024-04-07 00:46:18,2024-08-29 00:46:18
991,hmoon@example.com,de4fe97f997e42cb01b16d6068359432a3afc36af0fb070929500bee4377f021,True,2024-02-29 18:55:53,2025-02-22 18:55:53
992,amber40@example.net,1d7843c9d5f88f5556bb53ac614a84fb3efd4618df5c24f9a57ae4a96a78086f,True,2024-07-07 16:50:15,2025-02-24 16:50:15
993,willie87@example.com,befb9abea9a1a64ef51b2072655664bc63441cf066cc273c04bfadd5e6fb82d4,True,2024-09-12 02:13:55,2024-10-18 02:13:55
994,phillipsdenise@example.com,b505c71d93c6b0898d8124d2c750afcbb768637a26ad6485e4923cc89f347c98,True,2024-09-27 13:46:49,2025-09-13 13:46:49
995,vaughangary@example.net,114e5ebf3e101da7fe97ee7f603bf110d6f36367db484b5ec07b4ad198cd408d,True,2024-09-22 07:29:25,2025-01-19 07:29:25
996,simsjason@example.net,2b44556c1e06e30f318fcc1ea7095c69603359750afd1bf4ad9a5099d71724c4,True,2024-12-30 05:09:06,2025-05-14 05:09:06
997,michellecoleman@example.org,7eba009ebe65796800de8741032e1e7a7fb84bbde93c6840ebdad90ead1368a0,True,2024-03-30 00:49:56,2025-02-13 00:49:56
998,amandapark@example.net,6c0ceec6b2fe16639a2e44cd99da012f897d602083332c8603ce5696433fccba,True,2024-11-27 02:14:40,2025-09-24 02:14:40
999,elucas@example.net,c5cd6ba048cc523e55e4fad4125c0efa09cc51f581d16b6e13cae48e4d268709,True,2025-02-28 14:23:28,2026-02-01 14:23:28
1000,andrewlove@example.org,3a4aec207864ab0b85a2c8fca075853feb07f53be8950f716991c595db45cf75,True,2025-10-02 20:11:16,2026-01-11 20:11:16
1001,jonesgregory@example.com,eb2dc3cafc00d45637cb25edeed683d59b960fb26097c18e9f93fb231c088930,True,2024-12-04 21:15:06,2025-07-09 21:15:06
1002,andrewsjeremy@example.com,b0772943b0f2aa0c96dc2b7a4821f3ccea7bafb1a31f26e9de19c253038af1a2,True,2024-01-16 09:41:28,2024-03-14 09:41:28
1003,ohughes@example.com,5bf44d795035f742fd3c8a53d317770065cd074d1ea11f32202ba2cdda9b4871,True,2024-07-12 15:44:59,2025-04-16 15:44:59
1004,ystewart@example.net,865c92949fa4f7bef82a99729f3625279909744b5c71d68e12bb00d21190dd3c,True,2025-10-07 02:51:47,2026-01-30 02:51:47
1005,nicholsdarlene@example.net,ea2b38be5e4fc0bed8237a3318cc43bf8ef769976071d49bdfcd501cd429f0d9,True,2024-11-24 15:36:02,2025-10-21 15:36:02
1006,avilabrenda@example.net,f7cb70b41543a18fd394382f5bf0854bba3fb1b04471474fae96ba4d6e0b256c,True,2024-05-21 05:40:47,2024-08-05 05:40:47
1007,howardwesley@example.com,526fc60660379ea86120a591a80a75ed9cd3c4084d46f3d659ab5b6de6c7cb33,True,2025-08-24 19:31:16,2026-01-07 19:31:16
1008,catherine47@example.com,3993a51113cf48e76655287ec8e62784a933ac4cfcd7098e90c56456cedd382a,True,2024-09-09 19:51:10,2024-11-20 19:51:10
1009,bshort@example.com,3b894be4642824c610db5e34909cd71183f73349fb194ea945e4e696e4cfcebb,True,2024-09-29 06:31:20,2024-11-04 06:31:20
1010,amandataylor@example.com,58967091a6746eee0907c66beb0dc9f689f0b4289503d41487b11312d8f58e1a,True,2025-05-02 09:33:22,2025-06-01 09:33:22
1011,susan24@example.net,2bd5f1022643f8ba77c28227033a4f33a647cc6d99b24bc52675231b945c193b,True,2024-07-30 08:33:54,2024-10-22 08:33:54
1012,susan08@example.net,9e693f3bb67291d4080267698d148d06c8ecc7ad3d83e1555566ff93ba211c7f,True,2025-11-25 08:50:38,2026-05-01 08:50:38
1013,davidsmith@example.net,77a6992e2e4ed269789a2e7a2d4da75b299b4a011e87156de8b9ee112c8055bf,True,2025-07-20 21:05:12,2026-05-20 21:05:12
1014,fmedina@example.com,a3f37afd02742d1032dbc24e154dd133379bc059f12096bd397571b113776f7a,True,2025-07-12 09:06:43,2026-04-29 09:06:43
1015,kaitlinberger@example.com,def3db98699defdae695daaf55bfc8d4952feef2f1528e4c12939b26a2e60cf6,True,2024-08-24 01:13:30,2025-01-18 01:13:30
1016,robertbrewer@example.net,5e7da0c4988d458b42b2d245e8a31ec4196fffaaf47925d0da05e4c94c54d029,True,2024-09-28 06:41:42,2025-05-10 06:41:42
1017,eugenewalker@example.com,149d60c84e4c962797395d9500ccf96205702fac4eac6129a5c9dca13ebc32e0,True,2024-08-13 01:18:31,2024-10-15 01:18:31
1018,dannylambert@example.net,82a65710fcd18971b91680a14e1def777d0f37b944c20d7cdce24b9d94fcec5e,False,2025-09-16 23:48:46,2026-05-13 23:48:46
1019,yorksarah@example.net,76d0727a47848eb99d5e4a7cc28b90655bec497c65735f7f85cf99c615889e17,True,2025-04-24 15:10:29,2026-04-11 15:10:29
1020,enewman@example.com,7488ee250561fbf92c4bd8e30952070536b15255a28b63214f33453a7a31663b,True,2024-05-26 17:31:51,2024-10-28 17:31:51
1021,kingjames@example.net,8996f874962eacee465ba1b1c851b8974e925eb31ad2c19ab02846af2ffbf475,True,2024-02-22 03:36:17,2025-02-14 03:36:17
1022,wlynn@example.org,c7e81ce6d00ed836f0c818a676dc1b70879f462e2c88b76c8e983cf0ee870a37,True,2024-08-28 07:14:34,2025-03-22 07:14:34
1023,craigharvey@example.org,87744394cff6c66b28c5d6227261f1dbc6cb8b60b36c298f850c806a279886ac,True,2024-03-18 23:36:22,2024-08-04 23:36:22
1024,todd59@example.net,a507caf23b3ef54bc74a03bacb6dd16a9775ef420eaa105fb66b5b085f92a207,False,2024-02-17 10:53:01,2024-10-30 10:53:01
1025,heather29@example.net,95cb895efa4c8989b79d08e52ba21c2d1c7718a41dfe56fda191affac0ce4e94,True,2025-02-26 14:19:45,2025-11-29 14:19:45
1026,lindsey62@example.org,84a0807ff0fa28a5caa52b67c35582765631f54231eaf5be9993f3a77c80e77b,True,2025-10-18 23:48:45,2026-06-27 23:48:45
1027,john36@example.com,93e90d2b0005f851dd00c7a0879db0a796b0d5e32a93d02779a6c7efa5cee70e,True,2024-01-20 06:59:51,2024-08-31 06:59:51
1028,dennis57@example.com,ef459c61542cae6860010db48b164ea2309e4031664c64b83dda0c3ca91b3636,True,2024-04-08 04:20:52,2024-05-19 04:20:52
1029,thoward@example.com,72f5c1210884aa3ee87ae440d4d9b83315f8442f4012bf24459c1185cc6ba451,True,2024-09-27 17:38:31,2025-07-30 17:38:31
1030,thompsoncatherine@example.com,7fe2cb0c2f504ec0490caf328cdfdf8098fadca0f1a0972f33abe0af1f11b490,True,2024-12-15 00:04:49,2025-01-04 00:04:49
1031,patriciagonzalez@example.net,0571638c14fef8ce7db7aa8fcade0c7a5c635d1dde3e5b4758903aaf383c2d76,True,2024-06-25 23:05:56,2025-02-01 23:05:56
1032,lunapatricia@example.net,3a17918c2efb581141c29e6ac6ffbad8ce4a86373beaf0999dd8da21d460d07c,True,2024-10-14 00:51:53,2025-03-28 00:51:53
1033,hessbeth@example.net,1a6f1e289144825c9679b603f8ca32e5aac8bc49050addb6d6473474aaed0ea6,True,2025-02-20 07:16:29,2025-12-26 07:16:29
1034,rebeccaarnold@example.net,0b74896499032ab57d2f2f22cd8290fd8b9d271e96233f7ed3a978aaccb5f3ab,True,2024-02-07 16:03:44,2024-06-14 16:03:44
1035,jvaldez@example.com,d1524e6aba66c12b4c4dac2d34b14340d408220859d06f312d50ca0674ef0062,True,2024-01-24 14:19:13,2024-02-06 14:19:13
1036,xwalker@example.net,43dfa45dcc7aab2e201016bb15295d0e4c034fcdedd889a20a199e1c9fc6e333,True,2025-09-13 23:54:38,2025-10-29 23:54:38
1037,dennis88@example.org,6b255ef72e7dfcf7ff7fb61b4efbd641d33b18816ad87d95dcdef1342380b320,True,2024-05-06 01:07:28,2024-08-31 01:07:28
1038,acox@example.net,948283864f821efab7542ad60922f3afea103cbad5899efe1af6db75ae584155,True,2025-11-29 03:04:49,2026-11-09 03:04:49
1039,melaniedrake@example.net,ff62eab17e6911614c5da7717ca2b4dcadc3f60247ea3838e7003da50a080698,True,2024-08-08 20:01:38,2025-05-29 20:01:38
1040,katherinetaylor@example.org,9fa128533c49d17c0d9709306ec34cbb7db2bb2e8aef3c710016a46f2a62b8a2,True,2024-04-27 01:27:01,2025-02-21 01:27:01
1041,ashleyknight@example.org,b2169d481de4088b1cc02b2299750cb25b8277ec2e47a06609d4ffc49d3009eb,False,2025-09-09 07:56:36,2025-09-19 07:56:36
1042,ccrosby@example.org,73c038920d122b496042ec2c355bb4a71ebb6c6addb30043f5f89237d81b8d93,True,2025-07-13 21:38:09,2026-06-22 21:38:09
1043,qhall@example.com,8493fb847bc46b016dba5a830401a5eac46bbad9497079944406e45b71556e00,True,2024-11-08 13:05:36,2025-03-25 13:05:36
1044,bradclark@example.com,db72b0d658bb4352fe99788f235312e2a14504f3685a235c7b931041ebac075e,True,2025-12-05 05:48:00,2026-09-26 05:48:00
1045,dharrison@example.org,74a1d415e0600af3d9f691b376967d8504426bdad06ab5a4c93b1101492d7897,True,2024-06-23 11:04:44,2024-07-13 11:04:44
1046,hoopermario@example.net,3827d389873aedbf66a6c550aa94a8c940f574e8397581cbb23cff0481e1f86f,True,2025-06-22 10:36:21,2025-09-19 10:36:21
1047,mary49@example.net,2f1c09d6b942a3925cb211465633cab63622bec1d36840820838a5aef73bc0fd,True,2025-08-05 20:09:12,2026-04-02 20:09:12
1048,nicholasgray@example.net,01f01491a013395db5abcda034d139857b09ed4f163abe666d3c32424ee02ad3,True,2025-02-04 05:22:53,2025-10-27 05:22:53
1049,blacknicholas@example.org,bf3764f9df2ab02f1f96c538a06e9aab96b7419da897d4836b59ef833f802350,True,2025-04-23 05:15:35,2026-03-22 05:15:35
1050,wgomez@example.com,2aa37e02aaf99c437180648e317e9f4bd100c4e1ddd647bbe74987e975ca138a,True,2024-08-13 14:20:26,2025-03-27 14:20:26
1051,aeaton@example.net,847c89d1d0e98d747214ba9f925c276ed01f26c8e5572fbb10be9b683239ef53,True,2024-10-30 00:51:46,2025-03-21 00:51:46
1052,scotthall@example.net,3b86f9a3ab8952c7eab6d81e0f88c8c7ac51c3d8967efb60012a94f6101452a4,True,2024-03-29 07:36:46,2024-06-29 07:36:46
1053,jason22@example.com,b4ef3357962b0d100cc96930ae18442c13154744a45d84070aa75fc104de1b4e,True,2024-10-19 06:44:40,2025-08-14 06:44:40
1054,guerrerorobert@example.com,fecbace33981b88fca3e14810d52db818a56317193c84773a99781aadba89eed,True,2025-11-18 19:27:46,2026-06-29 19:27:46
1055,olsontimothy@example.org,b81dbf1872ef94e656e95d097dd95a72fca34e0736e9cce258bcc4fc4b71e532,True,2024-08-11 05:54:53,2025-07-02 05:54:53
1056,deborahjenkins@example.org,f940c9f5bb8373eb5f49a4f2df6f0a4dd7554f04e1199ca0ecfa3bc8bf76ba78,True,2025-06-29 19:34:20,2026-03-07 19:34:20
1057,andersonbrittany@example.org,f5693841c3c8823a37154c46dc87a5aac31ce34ab23c212f43da74d4dd7ef578,True,2025-02-11 14:31:16,2025-03-29 14:31:16
1058,macdonalddylan@example.org,4b1b5841ba9429c601925f4baec435f6f96946001dbadb6986c3d8331ef6a33a,True,2025-03-12 07:58:30,2025-11-07 07:58:30
1059,sandra86@example.net,a33d0eac446f8dca3b18269d3d8cb8784515393471bac030c9f5a769e898c4db,True,2024-07-11 21:01:40,2025-01-05 21:01:40
1060,johnsjessica@example.com,da4f7b0355b2cf7da99fea81672806fb34f2f10f92f04d81911c64002c8fb517,False,2024-04-11 03:38:28,2024-11-06 03:38:28
1061,robinsoncatherine@example.com,884903f318f00452d2cc91d73810b8cf543724fe4a90fc6afe1774d1d265058d,True,2025-07-19 13:31:54,2026-01-05 13:31:54
1062,ajackson@example.net,5fc64b0cd51574227444ff370ba57cbae075ab0151cfbb189d37bfa638963202,True,2024-03-01 21:12:21,2024-08-12 21:12:21
1063,laurahoover@example.org,f696b746d82a66f62f449d8d30eea15c9fec9422bbe1325ab76531816255f985,True,2024-07-15 12:02:07,2025-06-23 12:02:07
1064,gary57@example.net,c751ab779333aca52fc062a593ba890e0d9b7b7936fa5d99a16a93e5980b851c,True,2025-08-13 12:00:17,2025-10-05 12:00:17
1065,hallpaul@example.org,b53fb8b9671a9a58ea55d4f48df35cd724b3a84e8d6c10821eeb92ae93595f41,True,2024-08-12 14:42:14,2024-11-02 14:42:14
1066,harrismichele@example.net,45c026994c1ac466c0352e84690888cbf4c6e4ae56e6ae5df2d5ba57458918b9,True,2024-11-09 03:38:58,2025-04-26 03:38:58
1067,mserrano@example.org,2ee8ff036ec2c887fe6b154188bf11009d49c0859088a1ada0b5848813434d58,True,2025-07-06 14:54:14,2026-02-01 14:54:14
1068,thomasmendez@example.org,397bdc57ee2ae1887c10fb299218b6a25db55f51d4041f2f3605504784588010,True,2025-09-18 19:34:56,2026-09-08 19:34:56
1069,davisdonna@example.net,18adbb6d90e8fa962e5c1e23b0ed29b281db5d94d13976097df45f95566c7817,True,2025-01-17 05:09:35,2025-09-27 05:09:35
1070,princekimberly@example.net,9d9a728ed7659095db7b284055041bdb381ea1891a6a6f4345953ef050960bc6,True,2024-04-20 02:46:43,2024-09-14 02:46:43
1071,xboyd@example.org,f428fdc63fa6b3315a9934fffdc0b4f90495de2f7f48c1054508cb0e283855bb,True,2025-01-13 09:31:39,2025-12-18 09:31:39
1072,zperez@example.com,1e938f76592d4aee648ccd7927a44037160cd4083f3eec15ad0d23efce5f9a68,True,2025-05-28 23:07:14,2025-12-19 23:07:14
1073,zbell@example.net,66abc18462950bf4be92a385aa7e7e2f1dd95d1e4f3f309bd0d2c6b6e1d92063,True,2025-03-22 03:42:15,2025-12-28 03:42:15
1074,colemanjonathan@example.org,7728d0361eac33559072f61daa2b5506d5d4721524199ac5111f1e8e19140ac1,True,2024-02-12 20:36:40,2024-03-01 20:36:40
1075,campbellnancy@example.com,2fea4c29284de09851aacabc131bc490c9f625a4240ecf40818456cae7ddc217,True,2024-03-17 00:24:28,2024-11-04 00:24:28
1076,jacob09@example.net,fc13b9958ea659cb0ab9e78f08e5b997c43348f9b26f98d49eb5c489a9aead08,True,2025-08-30 23:33:01,2025-10-14 23:33:01
1077,meyernicholas@example.org,4a3bd679f07977d1b96003abc176ffbc50f6f0e983a2ccdfff860e349d4041ff,True,2025-02-18 11:57:13,2025-07-29 11:57:13
1078,robert12@example.com,621d698ea61f7780fac22788432e256b020de8e45acf630aa270f1b2156586d5,True,2025-08-31 09:34:09,2026-01-07 09:34:09
1079,jose86@example.net,888ff0dd9e086e64000746b0ab5f5cc7b4b1745a3db948a6da25217a88de055c,True,2024-08-10 00:20:59,2025-01-22 00:20:59
1080,cheryl63@example.com,0e2d4feb76e6c35842fec0482aecacc372b893217cd1a9ee91d1c1ff2e3e2845,True,2024-01-23 10:03:39,2024-03-22 10:03:39
1081,jwhite@example.net,e203b3d71005dc084654e629d86a6dde25302956a1ab7be4aa2ad1ea0898be1a,True,2025-07-24 12:54:08,2026-02-15 12:54:08
1082,tking@example.net,7822058ceef69c9720f45e662fde9f376f7a07dc59cf024a6aa06bb0b12a3e7d,True,2024-04-05 08:47:38,2024-12-24 08:47:38
1083,kim62@example.net,f582de45374259273d34fa502b620f89ae2ed4d8d7192325f89646e4d1a2b928,True,2024-09-04 23:58:27,2024-09-04 23:58:27
1084,adkinssean@example.net,1bb76b0d983ae4375fd6eb36ecc31bb80b0736945b3ae6dcc2b0c42fa3a41ecc,True,2024-09-21 11:49:39,2025-08-23 11:49:39
1085,craigromero@example.com,f8b4b95a8ba7a745b1c946f07859d83a2055f9d89263016b352f63c5f7c30f07,True,2024-06-13 05:06:23,2025-03-17 05:06:23
1086,martintamara@example.org,1e4cd9707e015fef4b06382aa6f4363a6949ce4101eab5d636303f325d2e4b0c,True,2024-09-05 08:07:19,2025-04-29 08:07:19
1087,morrowthomas@example.net,0b2b78749cd26edc6e78e92ca7ca7b8d8917bcd4e291d3b8532218aaddea3444,False,2024-02-09 22:59:24,2024-09-07 22:59:24
1088,qdavis@example.org,8bb1353c6adcf1db65169bc95d07aae76bdfe40630c965b89563c85017a849fb,True,2024-05-27 06:22:18,2024-06-23 06:22:18
1089,christopher06@example.com,f505e452b75d423df3d5ab0342c003245c09465be1f230f75eafe2f7b5088dc7,True,2025-04-23 03:20:49,2025-07-28 03:20:49
1090,jennifer90@example.org,e4f5c972c7fa0ca047d7b5e4ca1116fb42973d1d40816f531cf9ec35b8e3f80b,True,2025-10-28 03:02:31,2026-07-20 03:02:31
1091,mgonzales@example.net,87b74dc99f79b1cf3c813c915a418a8b2a5bb25d1899cac806f44426ee64d99a,True,2024-08-25 22:43:59,2025-02-26 22:43:59
1092,james98@example.net,a0bcb3c00c8e41797951c7f525f46ff364e2a361cb8ab2350b1199900da90f43,True,2025-04-05 09:58:08,2026-02-17 09:58:08
1093,christinacraig@example.com,25e95d48739899819e4bb853082d3ab294d396846d342f6306ba73f9b161b12e,True,2024-12-28 16:48:13,2025-09-09 16:48:13
1094,dianacantrell@example.org,d04b48329caef9c9d53e4097f5dbc57b704d72cbf625be9b11d1c88a148d004d,True,2024-01-22 14:31:56,2024-12-07 14:31:56
1095,kimberly56@example.com,8829a4b1308f59063bb555ac779da34a48a61f7d4d83a89a65d5d40167a9e773,True,2024-01-21 00:07:22,2024-09-03 00:07:22
1096,aprilmclaughlin@example.org,95443f40a30f543d3aa0dd4d078cd00229ec0f11753586858b04533c8cf142ce,True,2025-07-29 09:18:10,2025-08-24 09:18:10
1097,dunnjessica@example.net,7c37d9e4c8da5e3edaf04a45633f02ca601189385a71b9ff2ca7091b038a2943,True,2024-08-13 17:35:06,2024-11-25 17:35:06
1098,michael43@example.net,9c48a8b955871ea642dfdd9c649d98f78a5042c78c6da028a867a4c05bfcc4af,True,2025-09-15 05:18:07,2026-01-29 05:18:07
1099,shawnpowell@example.org,01d8636f3d3c9c4c48026a8d468a9085565bc64ef56f437db76b76740a4ff693,True,2025-05-26 06:36:01,2026-03-03 06:36:01
1100,gregory81@example.net,90dcfbeba607608138dfd115740958db425fe8fbc78cfe7390c0bb48d3a7f24c,True,2024-12-29 01:19:04,2025-03-06 01:19:04
1101,gordonmatthew@example.org,f63a27af92b9e0cf193db258865d9fb653470e997ca474b0969dad712cf85a3c,True,2025-02-22 08:08:30,2025-07-19 08:08:30
1102,nancy94@example.net,4df8360ddcc86284479e548d69124995bc6b538a6ee34c53bf78b4bc208d7133,True,2025-09-22 02:51:24,2026-05-04 02:51:24
1103,kchurch@example.com,032046832969396fc4dd5cebe549ce5be2095ddce6e47a781874d20dbb2f7970,True,2025-03-26 03:25:38,2026-03-18 03:25:38
1104,katherineali@example.com,6d7ea61992fdc31fc2a0d01e383c9aea0ddd63cb7a631ad11437f7ba5bfcbfdc,True,2024-11-18 01:26:51,2025-07-24 01:26:51
1105,bmosley@example.com,f5aaa7f21914dac377d002a406c2bae93b615edfeda44ab1fa05dddfa9cae0ef,True,2024-05-31 05:43:23,2024-08-01 05:43:23
1106,scottpatrick@example.org,e36cd4d2deaf1a18927ca51653026ef1c893a9aed2f23b3df4315aa08d85e68f,True,2024-07-04 02:27:26,2024-07-18 02:27:26
1107,laurengutierrez@example.com,126336403979f3b8f97b15d757bfcbda654c109c237be715caf3147ee9bb3d8d,True,2025-07-18 00:17:02,2026-06-05 00:17:02
1108,haynesjose@example.com,15add72897093ee5f53677a65a6784c8cece7e66166219783c06f95441122544,False,2024-07-29 09:48:50,2025-06-05 09:48:50
1109,rosskaitlyn@example.com,bbb3f6399a314307a60d4876c2f907bee13e31721fb268b52286f2f3e199aa7c,True,2024-04-03 21:33:09,2024-08-03 21:33:09
1110,spencergregory@example.com,f450325e372de74ba9ff6fbf57df7e603316dde0680e0d309e270784452d23c7,True,2024-05-09 02:46:23,2025-05-07 02:46:23
1111,jeffery94@example.org,9400264855ba72731be7958bb6025246d3aa0be87936220267c558624444fccc,True,2025-05-17 11:21:36,2025-08-06 11:21:36
1112,victorgonzalez@example.net,274d15172b4738a2c30727f5da1dc023705674bc86e4e21dd88179be257d8f9a,True,2024-12-03 23:30:53,2025-05-11 23:30:53
1113,moniqueclark@example.org,719715733a814700368fc221e87271e17e7df9e7c81cb7f8c3bb779a0d6219bd,True,2024-12-14 21:37:33,2025-09-22 21:37:33
1114,marykelly@example.org,bacfefe8815e3b7230ba05fecbbfa5894faae564447dfb69d90fe1cfd3177507,True,2024-06-29 17:19:38,2024-07-06 17:19:38
1115,moraemma@example.net,e16f0759eb84d6ad756bb5c519010320cc1629fd0d4d154e109df9f2088cc45a,True,2025-07-09 22:10:29,2026-04-17 22:10:29
1116,waustin@example.net,4b6a165be1eb82c9acd7ecc88ee5d86bb7dc67d68934b7feca059125ccd90da9,True,2024-07-14 06:13:42,2025-02-07 06:13:42
1117,charlesnathan@example.com,6757813ad66c8287d59f3e4c322bf6c6aa7841aff974c082dd7c0176bc42323c,True,2024-10-05 19:55:20,2024-11-21 19:55:20
1118,kvillanueva@example.com,c078dd90cf29ea6e42b28af5437a453e3fe7c71b2a5bfea48d852991308645e2,True,2025-07-21 03:31:50,2025-11-13 03:31:50
1119,wwhite@example.net,89cc67485f22c2b281e0ae8653ea1df8d7b24da37cc7dd5f7bcd7aa0fa5e78c1,True,2024-06-24 03:09:10,2024-08-21 03:09:10
1120,raymond92@example.org,61e7a0b8b45e1356c50cf75c7715cb8cb3f0971b77aef6aea6df3fa48a405ccc,True,2024-08-06 13:39:27,2025-03-30 13:39:27
1121,imendoza@example.org,88ebb24725c30c47d15437dd056d632e853ae3861377db1f14ad8bfa4607a872,True,2024-07-20 13:41:35,2024-09-18 13:41:35
1122,phillip27@example.org,bd9df70d68923774fbd575503212e172e9dc802170b51f9200b6b2e8179c889c,True,2024-02-07 17:58:30,2025-01-03 17:58:30
1123,astewart@example.org,c73178fd78962cade753a7a92b26366d86626880f68f4b2b439fa0f211d9db36,True,2024-11-06 10:03:54,2025-01-23 10:03:54
1124,nicolasgarcia@example.com,d8f93c9566ae63da99c6e8901fd1f7b1ed6b46c428f6f38ea141e7b54a836375,True,2024-10-02 23:36:50,2025-06-14 23:36:50
1125,jacob43@example.com,19cfaf4bfa9ac3686e4ff7a85158a9ad48d90bf83bfebb6b917f3529b94089f5,True,2025-01-14 21:35:55,2025-06-12 21:35:55
1126,vmullen@example.com,9c50e3ea55e4b33116a900410f89425a1349fac1ec80c36f18ecc2f74557c5f5,True,2024-12-30 21:04:50,2025-09-16 21:04:50
1127,victorclark@example.net,ede0ae32e48313971feb592622384a27644ea86910b5353e78e457a08c8d40a2,True,2024-04-06 21:38:31,2025-04-02 21:38:31
1128,michael64@example.com,8aca44c3c0d7f620aa523e127edfde8b57a7f0f323c20c1d9584893cd216e6e4,True,2024-07-31 12:33:15,2024-12-17 12:33:15
1129,ashleykrause@example.net,cef5f99c6981c7942ea38a09206ca3abf8e91563cf86ee8c1d571bbb4f903914,True,2024-11-06 03:42:40,2025-06-06 03:42:40
1130,lisale@example.org,45cd5a7aa7d105172b1061d56efb8dfb580fcce4cc20986fb2d2b2c6d8bf9b15,True,2025-11-16 15:23:36,2026-07-21 15:23:36
1131,mchase@example.org,4e3231261db0cb835b71540437a3b81e35e009019e1ff5e85636dd6b3b2837fa,True,2025-04-24 12:27:47,2025-12-21 12:27:47
1132,thomassmith@example.com,6f5d968747acf92172dcbb1317b63d736dc86db313bc5693d57f38fb7ef8be16,True,2024-09-17 00:09:01,2025-01-19 00:09:01
1133,otaylor@example.net,3bb02fc4f5ca3256d400e70c9bf550b0c3e22af6170884d66c4e0725a7721160,True,2024-09-17 14:44:57,2025-05-08 14:44:57
1134,kristen44@example.net,08f9e3b644bc0c8de2974f0524574f8fe8202a37b5b9861622bda2626dca8e51,True,2024-05-28 10:26:56,2025-03-06 10:26:56
1135,rosshannah@example.org,a20a1d4dc4a4a007a285510ee4a244ecab6e092d3f6dd36a41b4cb469bb6d1ae,True,2024-11-26 07:44:53,2025-02-08 07:44:53
1136,lisawoods@example.net,238bcd78d8d9c49b5a954c8f96ffa1b942b49dd43ed130f751013d0952b30396,True,2024-06-11 16:46:45,2024-12-24 16:46:45
1137,colematthew@example.com,58615ebcafb54d37d7a8be3cabd91692a9ea8e2070e0994a625dc4e389c04286,True,2025-09-24 13:56:27,2025-12-30 13:56:27
1138,ann45@example.org,65d1bfbd39198aad3c863930403df89be99deea77f062dee73cd860ef105c226,True,2025-12-13 05:50:13,2026-10-15 05:50:13
1139,rmartinez@example.net,8eca37ea302f03c322eda8b7ee3f7a48388d1f307a90906b1ba36cde1f984502,True,2024-09-08 01:38:18,2025-05-26 01:38:18
1140,barbarasantos@example.net,6542fb1960c26d32a1d12a2cea59589623fdab01829b6956da63e0f32f32e38a,True,2025-04-10 05:35:54,2025-06-18 05:35:54
1141,tiffanymitchell@example.com,61886ca5ef4838fdff8682a22480f539aed8569c0b6caa11c6d2bc692462df68,True,2024-07-26 05:47:03,2024-08-30 05:47:03
1142,champton@example.org,7323b131ced8df4b2b430dd1f2c7a0eec25e25d3b672ddad51313cae3b0445f8,True,2025-07-28 09:15:57,2025-12-16 09:15:57
1143,daustin@example.net,884e9218f98f6ed69f45da543f3787ef8a1bfe94e3eba571e4c8a349f27007a5,True,2024-01-15 18:40:32,2024-08-14 18:40:32
1144,mirandadavidson@example.com,b4331a01c951ed571f9335adfe03abefca539908527ea9765116401bc490261d,True,2024-03-12 21:10:52,2024-09-02 21:10:52
1145,kwelch@example.com,103b29aee64e542d9910db7f3d1fa40db2dd4db2ffb22cb02ac8b7a05fd8f214,True,2024-03-27 14:18:45,2024-12-11 14:18:45
1146,millermatthew@example.com,fed90ae06e637996227ef02da9436db62e9ceb8f02363ea392d792a08222f09a,True,2025-09-24 13:41:24,2026-02-07 13:41:24
1147,denise49@example.net,cc8bd5f9248f1a77cba9d63155b6a4d504b7f20df206182470b3c16a0c0f8bad,True,2024-06-30 11:20:56,2024-07-01 11:20:56
1148,cnelson@example.com,ea3df78864853b3ec730ecffe94cb57ed0122164f2473ed2792d3ac0e79ed8b9,True,2024-11-30 00:01:23,2025-04-23 00:01:23
1149,lgutierrez@example.org,a4077d4ed959a0b0dab307dd4885b6ae8f876ee7ebb2f2586ee4cf6f5109f0f0,True,2025-09-05 19:57:32,2026-02-04 19:57:32
1150,jessicastanley@example.net,3eeb49a733cc2c5079a3a03c2fae550f43301c747c40eff0f9b4b84813c631bb,True,2024-06-29 20:13:34,2025-04-25 20:13:34
1151,clarkrandy@example.org,707d0f37f84669e491beb78b7cdb86f00b9c8f6a02839d2d3a80788514b46a86,True,2025-11-29 02:56:46,2026-09-21 02:56:46
1152,zunigathomas@example.org,22e892d53adec24e7be567d3c4516f0b8eb9b5f55be41e177072a429cd28eb6e,True,2025-06-06 00:47:50,2026-05-09 00:47:50
1153,wisealexandria@example.org,27799bb33d31670f3f47ba9494b9e736ba3523f73100aca94534d2f8f61506a3,True,2025-03-06 13:54:11,2025-11-11 13:54:11
1154,bakereric@example.net,2300040c4ca718877e415350c9921de598599f103d316055203d7521037bed55,True,2024-02-01 01:49:02,2024-04-17 01:49:02
1155,pparker@example.net,c7af35a5aa6d56b456839b010be263fef944bc54ffa66f8431ca245fa3223e91,True,2025-06-23 13:05:38,2026-02-06 13:05:38
1156,scott22@example.net,9f8958464f97647b111b2326c4be0aa13b21a20bc56769cf3bdda6af80ee46b8,True,2024-02-13 03:48:44,2024-11-14 03:48:44
1157,anthonyalvarado@example.com,c9d4a0d3b54ea542fd083bb12d73acd0142670763464be238df69158b584d1e2,True,2025-08-18 09:03:09,2026-04-22 09:03:09
1158,imcdonald@example.com,01a28505b965b6fe016bba83a1d78faa65295afcf3a1630824412bc06bc92e12,True,2025-03-14 18:00:30,2025-09-06 18:00:30
1159,staylor@example.net,939dc4b4d7348de661abdf98c914f1c78502bf3404dc39156e6e59a9df5ec168,True,2025-12-05 04:01:10,2026-05-24 04:01:10
1160,brittanybryant@example.net,d9359ffc88b9cccf57a7db2eea035b80e9007f4e5b961a7ef35e773a17e098f6,True,2024-06-07 21:39:50,2025-03-16 21:39:50
1161,omills@example.net,15e4197877aedfa6bd53b4e48c4f4fd21afa5ccb1e26a3b7e018cba59051d6cf,True,2025-08-24 11:29:27,2026-05-29 11:29:27
1162,regina78@example.org,4d4ed25f804a4895b113b0cf2a78e63c5d2eca638edfe5b4a7eabccf00ed99e5,True,2025-06-14 15:00:52,2025-12-24 15:00:52
1163,ramosmichael@example.com,cf30f5f5894fcb2e973d6258f23f94ec7da90cd4aefe7667c02bb93ec5056af4,True,2024-11-30 16:14:17,2025-07-21 16:14:17
1164,kevinsmith@example.org,34e1eb4987c803cffea655e93009c0c550cb172fc899c7d47d2cd2f64b7fcdb6,True,2024-11-10 10:00:45,2025-04-23 10:00:45
1165,justin80@example.net,1658c5e3e7e63443be8dd4c2b8ff68cf4ed9cf8577f2d8e9eb4bedb174e2a859,True,2024-04-12 07:59:56,2024-07-17 07:59:56
1166,earroyo@example.com,47e325ccb008f384f15eec6629c79d9413ea55ebdf9d967e035b03bf04d1148d,True,2025-11-10 20:53:04,2026-11-02 20:53:04
1167,cannonlauren@example.net,0bb6706173ad6824f6b293ee24183d1618bbe748b70b35fd641ebc48cc54889a,True,2024-09-14 10:42:33,2025-01-14 10:42:33
1168,laurakelley@example.org,2150d13ce8e6112b22c0106ca1ec5f1412f9223676a1bc4ec886ddfae6a9d161,True,2025-10-31 18:52:05,2026-08-19 18:52:05
1169,bkhan@example.com,232560e967603e16fc3e221864f0388ccf2d6eff6525208bbb3b8787bd98781a,True,2025-07-20 22:12:53,2026-02-01 22:12:53
1170,frankmclaughlin@example.com,244cc9e9c4ba48e3a33a30476015fb5a13706f25f505065e880ea31341950cfc,True,2025-05-19 13:21:09,2025-09-15 13:21:09
1171,fwalker@example.com,34af563a75aebb945be4fb8d7dd729f06bb70fdbc5956fd78da15bb96ac9645c,True,2024-07-30 19:22:22,2025-02-25 19:22:22
1172,zacharymarsh@example.net,fc39fa89fd3c72ff25a49bbf89f3b3e6b9b252deabb80c03b232f55d38556981,True,2024-03-29 19:17:35,2024-04-20 19:17:35
1173,justin84@example.com,40de071fe318119248302a5d9d8a36df4c6274a3723fd8cee32e326ce5f2320f,True,2024-10-08 11:43:42,2025-03-19 11:43:42
1174,melissawhite@example.com,30ad6bb3f943fcf272bde5a9e488e4ba3f85ec7b182a0fb9ab0b3c54f86592d7,True,2024-02-10 12:50:23,2024-10-09 12:50:23
1175,walshchristine@example.com,6cf5bc4e1e6ebc5ce3e8228e846aabb90cdd22ca9d5166f60f2a21fec8c6b776,True,2024-04-04 00:44:48,2025-03-31 00:44:48
1176,blopez@example.org,a384444e60f929e7820162e062383b07b324421b67e48428720bf3d85bc21a25,True,2024-02-11 22:10:54,2024-08-24 22:10:54
1177,bookerandrew@example.org,2ca34a57c07400006fc77bc9dcddb8475d2093bdcf846b76933a116be75c3181,True,2025-08-12 05:10:27,2026-02-25 05:10:27
1178,joseph70@example.org,8d9fd4ca989d46be9eaa9f773109ef96f5ef43ea54b515bc48dfed0043d2242e,True,2025-06-19 03:45:50,2026-05-24 03:45:50
1179,hernandeztristan@example.com,12154e10aa0095b46d2f6e93494108fbdcec3ec58ebc59857d2d03ad1d986df3,True,2025-11-29 16:04:49,2026-10-28 16:04:49
1180,zcollins@example.com,4c0214e4fbb1761a09bae8e6e8bf6faeda1468f468c097b3a707a0ee8b1e7eea,True,2025-07-08 18:26:28,2025-09-23 18:26:28
1181,steven05@example.org,6e9cd7f89cd535f25655b3e80af67832dd645577dde71be12dfcf38b38c18c08,True,2024-07-31 03:54:34,2025-04-10 03:54:34
1182,brianrowe@example.org,13b584e7c8bc53ccca94e1e92e0b17b6f1563554b4cff32e7c665fba8f54d758,True,2025-04-26 05:26:01,2025-05-14 05:26:01
1183,qwhite@example.com,45f6ffab3e594ec6af8115a24f04bf9811f4f8d03e36beb259583798c5d768e8,True,2025-03-02 14:31:54,2025-05-05 14:31:54
1184,martinezkayla@example.org,822de8d70a4bd64a071e118ccca09d5ba20087a3a2621ad198524b9b6a283776,True,2025-10-29 04:15:19,2026-07-13 04:15:19
1185,cwise@example.org,e18bc57271f1f9bd8cf7a314dfe7a2e969fa810bc3d14a2b5f653cb940825d26,True,2024-07-03 16:20:26,2025-05-01 16:20:26
1186,gonzalezjill@example.org,7fc2d4926f378a67be2d22f2f77da01c69fe124d91b766a25e66c79b77380d38,True,2024-07-09 22:48:37,2024-12-25 22:48:37
1187,thomasmaldonado@example.com,f6c8ea25b10214835e50cddfac5fc1fa382eaf139c26a64ee29de131ee6bdf13,True,2024-04-20 08:27:04,2024-06-10 08:27:04
1188,eric08@example.net,fdeb9d38bdfd8097f078dcf8fa540de83817c3c13ed31e9a42ae86e056f12275,True,2025-02-01 13:30:35,2025-09-14 13:30:35
1189,kingdanielle@example.org,ee15c5e89b6955fa471d84ad3f6078b74c6568a1fe625cb891798632f18ec20b,True,2024-09-12 05:54:25,2024-11-02 05:54:25
1190,paige31@example.org,4894b92fd27d21909c6c7f9469c472f5dc9ac7a9083fffccd0fda758060b3cf7,True,2025-05-04 13:47:47,2026-01-28 13:47:47
1191,knguyen@example.com,9574fb28d611f2308c404ada70e29832beaad809b49f9c421db6bda80d4fbafa,True,2024-06-22 08:34:54,2025-02-10 08:34:54
1192,fosterjohn@example.org,9fa1694abe8508c80fe51433f52bc2f39889d92b34e9c074a622005fc4e0c62e,True,2024-03-05 20:02:27,2024-03-12 20:02:27
1193,jbarker@example.com,a52da1a5e24bdcdd420239d720f050fb0ac807130c364ae712732ebc0219a425,True,2025-08-30 17:32:04,2025-11-11 17:32:04
1194,wrightvincent@example.net,f06157230e360e5cc40519aff2b7a51d21d8a95e9730d6f17af5caa91d5e7ef9,False,2025-02-26 08:27:49,2025-09-23 08:27:49
1195,sarah00@example.com,82b4a5c2687a11b1f8f87813b291c6169b18b361d388b8de82e2e8ff1a4b0f60,True,2024-07-07 22:06:19,2025-06-07 22:06:19
1196,jacquelinemoody@example.org,0f7398060015a3f66bd0cbf6ea27e1c6b188948ea958311235a8241e78f637f5,True,2024-10-22 16:41:38,2025-01-09 16:41:38
1197,jhall@example.net,964c59c6fe258cf5ef3f9b2ab171c561dbbeb6e0896e0906d0075c04fe2e1645,True,2024-07-06 11:17:13,2024-08-13 11:17:13
1198,linda73@example.org,4601bd35bfd2d87e8998f4ccbc50f23c551c1030be6ba2376b588adbe8849d0d,True,2025-10-23 11:45:03,2026-06-20 11:45:03
1199,ihoward@example.com,5125d7c0c151e9f08eb653e1f999646fb04289ddc89d024609c578609ba1e7b4,True,2024-08-06 16:39:27,2024-12-19 16:39:27
1200,washingtonsamuel@example.com,b5ec86e4065650bd774dca4afadf5d0bc79524c290d9febd3e27e8d5e4fd1092,True,2025-05-13 20:03:14,2025-11-02 20:03:14
1201,llopez@example.net,099df2003098c1f3801d1869f824a2da18f115b770f75f45d784674c9fb381cf,True,2025-10-01 15:18:09,2026-08-16 15:18:09
1202,mario74@example.net,84e50e86563ae47d24a38a1afbd6b32a2a4617f606f30f04829cf063631c57e9,True,2025-05-22 20:03:21,2026-05-11 20:03:21
1203,caseymoore@example.com,4e3cc38147fabe798776dd12644885711c4d2e518eaa370b00fd0c93bb46af11,True,2024-09-09 18:48:52,2025-03-31 18:48:52
1204,amber70@example.net,8e36ef86bcaa7070176996b25cd8ecd1dccd46ce0cb56d762fe9784cdc26e475,False,2024-11-21 21:11:31,2025-10-19 21:11:31
1205,bgross@example.net,1f33c5c4701c2196361aaa15884cdca4fd51331b4262f0a1ae7eedeb31dd6feb,True,2024-12-28 01:13:10,2025-02-07 01:13:10
1206,kimberly35@example.net,d3838045f9b98a3d3fb486567c26f7fbb85829930d4a91ecbfbd9d016f057f38,True,2024-03-23 19:20:29,2024-09-07 19:20:29
1207,barrettamber@example.com,6af367e0ea5ed9d33a2cc193da5a71acf29d83432b95e5a6f93176a2cb347862,True,2024-11-16 07:38:39,2025-10-27 07:38:39
1208,alexandriajimenez@example.net,c8e7351ff5dc12734b164b6b212f7dde014d664b337bd891ea2a2aea143e4495,True,2024-05-17 20:01:49,2025-02-14 20:01:49
1209,chloemorris@example.net,475bdf97561a3849ee77388d876a26db84df06ca7dad1443ff19d89ac39afaa9,True,2024-03-18 23:09:32,2024-09-28 23:09:32
1210,daniel81@example.org,f716f4e98264b92a1743c905406d428c22e66a9f2a05fa569809df3e1bcabf5c,True,2025-05-21 16:13:45,2025-10-30 16:13:45
1211,gregoryjohnson@example.org,c4e12f2ee38520fc0f86d03abb7a104aff058e9ad3562970ede54a61f87d0106,True,2024-07-24 13:24:02,2025-06-09 13:24:02
1212,clee@example.net,3843fafdb32ce49bb719160250383fdf18d75d14796073923cdcd98e4b3c501c,True,2025-06-03 16:57:18,2026-02-07 16:57:18
1213,hbarrett@example.net,f3e846a950336c6a5394bb1aa38374e9e5216c60697b1007cfd0723b9b81c81b,True,2025-04-15 08:17:49,2026-01-17 08:17:49
1214,brandon39@example.net,f766a306957a11b374632f60b840fc8835cc0ab977c1c6058ae82ad5b73d20a2,True,2024-04-12 14:54:48,2024-04-30 14:54:48
1215,smithsamantha@example.net,d549ed06771489d9ab6c06d4ffd8b80e4d15ef8353ebbf1ed8d2383d03574b3e,True,2025-06-04 18:05:54,2026-04-16 18:05:54
1216,fhebert@example.com,8d4328a974d0d2a292f71db96d9b611016d122f71a84b7689d579b92473b065a,True,2025-01-12 18:22:37,2025-02-16 18:22:37
1217,wardjulia@example.com,66a6162738d87a4bf037c2ffb5dc1abe491773424faa1afe1b49f0ee6a212417,True,2024-04-04 18:20:13,2024-08-02 18:20:13
1218,navarromary@example.org,da9f037160aa6d7928ecdb1bdd0bc93ad1e80d7c2436cdebed2a0c8947cf625c,True,2024-04-13 13:50:47,2025-03-02 13:50:47
1219,susandavis@example.net,d3607519feeee77eabdda60c4f1b8e4caca3805ae34a5076d3635c7b2a10cd7b,True,2025-05-02 12:02:03,2026-04-17 12:02:03
1220,amandalopez@example.net,1af0d90fec6e53e01d4138571b07087efb530ef29235da6a5fb42a8cd0bae09b,True,2025-10-06 04:41:55,2026-03-02 04:41:55
1221,ashleymeza@example.net,3dde67ca228c1d45b329230692d97e571e2f9d3ec158257129b4de42c82a4e7d,True,2024-04-25 05:46:27,2024-08-19 05:46:27
1222,xreese@example.net,a48e7e601fb5c684226afabe31b8f785ede1d35c71e37e894d662e82fb806646,False,2025-03-04 04:28:53,2025-04-19 04:28:53
1223,emily61@example.org,fcae5ad5aba4998fe07b6249e5c9bc9d75f7506b83bcd22b91dba68607714163,True,2024-05-28 23:44:39,2025-01-05 23:44:39
1224,andreawagner@example.net,6914c53607c2fca870bdc56ead37d38002c3d3a72a2cade3b1c7721173e264a2,True,2025-09-07 19:44:54,2025-10-27 19:44:54
1225,amandagreene@example.com,f33f881bbf6d9c7399476aa2b38a44d9f65b08feeb001a4ba314a921ca25d3b2,False,2025-10-14 18:10:47,2026-09-03 18:10:47
1226,andrea55@example.com,36c9739adf52c8c6bea4d66eca968a8247dae67944401525eba5087be395550c,True,2024-12-05 17:15:27,2025-11-30 17:15:27
1227,umckenzie@example.net,51c222ce4f44e0390fa6e0a1201ca730a17ede2a4517876c893dbda7912e847d,True,2024-03-14 02:04:33,2024-05-04 02:04:33
1228,annalewis@example.net,7fface368647924f65881ba24ab00061446293915f3f5784ff7623c821b1279e,True,2024-10-18 18:42:43,2025-06-02 18:42:43
1229,michael77@example.com,a4f8eac4750882d9518d1efd87ac54c1d0ead93428f9917462b30039d9013b09,True,2025-08-05 09:51:25,2025-10-29 09:51:25
1230,barbertonya@example.net,114b6e592d76b87ebffa728ac54e4adb19b7fa49024c17955df4dd8bd56f6943,True,2025-05-22 06:59:32,2026-05-12 06:59:32
1231,holmesvictoria@example.com,7aa681c8ded63d90f5d3b9c6fa5f74b0fec74206bc4ded501c7d31d6f0598db9,True,2025-07-01 05:48:40,2025-12-01 05:48:40
1232,evansjeffrey@example.com,3e6f3e88fbc4aecfc077cce4b7452a5e1d2a00b2ef5c0892045b8bc3f328c9ea,True,2024-07-16 14:46:49,2024-07-30 14:46:49
1233,ingramsherry@example.com,6b27ce597e30475526fdfb42e5cd756e9446e2365cf73db3a60a081de1043760,True,2024-01-29 20:53:34,2024-02-21 20:53:34
1234,clintonstevens@example.org,59ed50c75a42f2ce8b886e0572be354197760cd8642f9dc93b4d759aca647ce6,True,2025-06-04 01:52:42,2025-11-17 01:52:42
1235,josephpreston@example.org,f32395198eb766d3b894c0f18b47d9c6c5315335b7669a7bd4fcdc82f2cb8691,True,2024-10-05 01:25:17,2024-11-02 01:25:17
1236,jonathanevans@example.net,56b53689a10b654003f5cfee8e7300b2f259f3348ed48d0969d28945a0b41370,True,2025-04-18 22:32:04,2025-09-15 22:32:04
1237,ncarroll@example.net,22ff30d277eb6abf1c3b84560a26ba32854a9bd268094b10679b2ec7cc8b49ae,True,2024-03-11 21:35:22,2024-09-10 21:35:22
1238,cummingslaura@example.org,8704a347dbd652ad7664b2c8e0fbfabf5115d8a07e4d22098fb7b8cecbcc249c,True,2024-04-26 15:31:04,2024-11-03 15:31:04
1239,spetersen@example.net,bdbc7c908a49a9da7b49f4112e0c5678d5854933f2245a589c9a666d17fa917d,True,2024-09-26 17:31:12,2025-05-04 17:31:12
1240,larsonkevin@example.net,e7ddb70b1f3e2cf8e3ca80f390977494d2ce7f09c667594af6d93e996b22013c,True,2024-12-26 07:31:40,2025-03-10 07:31:40
1241,dmiller@example.com,f9994bbcd516899b597f67333a99a81d697c307051f4ff667a7b36d9f14b2067,True,2025-11-14 07:10:54,2026-03-19 07:10:54
1242,nichole66@example.org,bacaa1857519e728063ed204eea8733b115f58d92a5ea60fd123e7153c7fbcd4,True,2025-11-19 21:13:21,2026-08-17 21:13:21
1243,julieatkinson@example.org,bcf51f502997fcc9c5c8571a4c295e21f3dac3fa19760de4dd86ebf178e1d0b9,True,2024-09-07 01:17:04,2025-04-05 01:17:04
1244,hbrown@example.org,dacf78c385603b341c9bc88ee7aeb241b32a544b37d2b63f124898c8d1f98da4,True,2025-10-31 12:49:35,2026-08-16 12:49:35
1245,amber25@example.net,e709d5688af248e62722287842c00a36c60f06eccd2647813a4839e55803bc3b,True,2025-05-20 01:08:27,2026-05-04 01:08:27
1246,ericnunez@example.com,f91a3de913929ed1bead3b3faaa7743dc040a3ae9a3c505f3016ce97db7701eb,True,2025-07-28 12:36:07,2025-10-28 12:36:07
1247,kmullins@example.net,910283cf30d666a3fa45514cf58c61ba2b2ebe245a4081f06064c7a53f03f3ce,True,2025-01-14 18:35:13,2025-04-11 18:35:13
1248,walkerkeith@example.com,1c83df7b585b030604505790abcb9119cc6d6faa64b69933a0ba9a242abc0414,True,2025-03-06 14:44:21,2025-06-03 14:44:21
1249,davidmiller@example.net,9cb8ab721a6f8bbc1ff31ea399f4ba4674ffe31a507e4cff02b2da06ccb47b79,True,2024-01-28 00:47:13,2024-03-08 00:47:13
1250,kelleyjose@example.com,c5b2db8d967ac2337f11e268cc7de14ff8bff4ac0f5914f38aad1c2020624950,True,2025-07-07 07:27:22,2026-05-15 07:27:22
1251,iayala@example.org,eac0e55001258255f3998ca9207a5ca5cd1ebb33c41cafc6bc77b82a9d00b0ca,True,2024-07-27 10:55:01,2025-02-07 10:55:01
1252,fhansen@example.com,8eba1020209527b523c59b785e9b84819e77f249c3137029b5c4f1d3a4b8f1cf,True,2025-03-30 09:52:48,2026-02-10 09:52:48
1253,annshea@example.net,c394cb16ef9626a4403b816b48331aea3ceda451993ad9e2001320971a7dd2e3,True,2025-02-23 14:11:06,2026-02-07 14:11:06
1254,johnadams@example.com,b5e9ef39c5b8cccb72d56a0cc5813eee6afec45c78af8f98dbb7db58e6908381,True,2024-05-01 04:07:07,2024-09-01 04:07:07
1255,gail91@example.org,ad9e75d871747ee0031faf5afa3a77c2efcc86916f37788e82a275e0571718b8,True,2025-11-06 15:59:08,2026-07-18 15:59:08
1256,whenderson@example.org,43ab9102c1d16f085922709ccf6686ba5d2a686ee35767226402fbdd97387729,True,2025-01-10 11:37:48,2025-11-04 11:37:48
1257,melvin04@example.org,b180153d12c32e4df1e9a5585f7c040b987f60f677d84258de08fcf01c00600d,True,2025-05-27 18:30:43,2025-08-08 18:30:43
1258,christina79@example.org,b71ffda7677b5944646c808bcedb502da52d8165b016a09136bbd9045be7ecc9,True,2024-04-06 06:28:43,2024-08-02 06:28:43
1259,owilliams@example.org,a5ad654f00c40378fdc8deb11947e642ea95edb9a113f7803249ee3b6b677440,True,2025-07-10 19:24:07,2026-03-03 19:24:07
1260,eric11@example.net,0b0e6e271e568e10c58fa3a437a03915d8d5357ea8263f202db430fb52fdc57b,True,2025-10-04 13:01:37,2026-08-26 13:01:37
1261,sanchezchristine@example.org,cfa251d0a0e4681ff50634e00d0a9316e1b7d39a5cac43c44fdee4582ae76ba0,True,2024-12-16 02:56:54,2025-04-25 02:56:54
1262,alexander14@example.com,775e6ddcb0e95bb1d41556da7645c6c2a1ea77cc28a10a50e55f4b49f51f2ba4,True,2025-07-21 08:05:07,2026-03-13 08:05:07
1263,njohnson@example.net,fc7ca35e5daa821248b599baed1d4d9d9a3d189229006cb78148f0a0996aa130,True,2024-05-10 08:21:17,2024-09-17 08:21:17
1264,jamesmills@example.com,e4a2bc01c04d5263c8b2b5370a643d33654436d7d54d6099decccf7999fe676a,True,2025-03-22 05:08:46,2026-02-26 05:08:46
1265,jdean@example.net,b2edc6a3fda99a416aabb40a5a939201bc7074ede067472cbf0907e31f98e457,False,2024-08-15 07:10:11,2024-08-19 07:10:11
1266,bennettrebecca@example.net,c9a43bcd8eac3a439e7cd96e73bd1492d57823fb61bfccffa0a061c41933a38a,True,2024-07-08 04:57:01,2025-03-03 04:57:01
1267,scottbrian@example.org,afc21545999079c4000362c21ae5e31cb87a2477bc74f33758b46097e6d80bf5,True,2025-10-12 04:57:40,2026-03-08 04:57:40
1268,brian01@example.com,b1c4a8e570c656c472a21d9c80cdda43ec9c3ac2ac608bb5a4613022994dcf7f,True,2024-06-12 16:12:03,2025-05-24 16:12:03
1269,elizabeth51@example.org,98d490ba37397a98683a90b6d9897a92fd37c68ca711f94b84c99974bed17ded,True,2025-04-01 01:38:21,2026-01-05 01:38:21
1270,michelle63@example.com,0de4066427757bff766bc07f554ad236aa842f315598b596268a5b8056fb0b14,True,2025-09-20 11:52:59,2025-12-09 11:52:59
1271,mckeetodd@example.net,bfd574e947d76b590b366b7843cf884c9e144deeb2c889ac67b148e860ebdc2c,True,2024-05-18 04:16:01,2024-06-24 04:16:01
1272,lopezvincent@example.com,05c65c2da26d3d7947f4239c66158f22a662a8aeb512d7d645c639e034a607c4,True,2025-07-16 07:13:57,2026-02-27 07:13:57
1273,williamssandra@example.com,5851cf34c82d9b5ea84047bb8e9eda0969de66931182773845ecb2b42fd19d37,True,2025-05-25 19:58:41,2025-11-17 19:58:41
1274,tracy20@example.com,cd70f3f21a44a3b86d9cd72b72fc9c01a4c18168bf8b5c8c72c6c2dd87be9f3b,True,2025-01-06 07:13:39,2025-11-02 07:13:39
1275,jeremiah56@example.net,eab5c3bb86f6b9d887a806554fb812d2275232d9ccd749966732f3d9676cb8a0,True,2024-06-03 04:29:42,2024-11-03 04:29:42
1276,christopherreyes@example.net,1470862ba2dd4176483caafca9d1249f337c30b0d4935d21fb410a9dbf6a4ed7,True,2024-10-25 14:47:59,2025-09-17 14:47:59
1277,robertberry@example.com,f1f46a5acf41953a8cc1e4f86e97fb46f2f1717f8c43d99e80bab44cf5dac1e9,True,2025-06-16 18:34:18,2026-01-19 18:34:18
1278,renee57@example.net,038ebe239a19abd58fa8eadc16235e22e182c68efddd96a6a7759c561322777c,True,2024-05-13 14:15:49,2025-05-01 14:15:49
1279,jamietaylor@example.net,eef33ba7aab8855c37fce9e3143ced3351b39157d6ddb16ebfe2d3295308d8f4,True,2025-08-11 23:00:11,2025-12-17 23:00:11
1280,michelleparker@example.net,25421f41407ecc3acdd7c7b06551b9be1bf98a92c298dbf05e95a3ae97add8c7,True,2024-09-03 02:59:41,2025-04-24 02:59:41
1281,russellstout@example.org,81f3d8b21f46febb1213ca1bd26adf0db80d056eacc7695bee50527bd6888b31,True,2024-01-30 07:40:41,2024-07-02 07:40:41
1282,lonniegrant@example.net,7ae6611bb2c40ea4ddd2583ecbd5587759bc27d84b7fa4b0941f28caf2c9e8c5,True,2024-04-08 11:58:11,2024-07-18 11:58:11
1283,whitemary@example.org,5d467d48a5373dc162e5d6b299c62d872bcd5355bfcb319db7db8a2284bd2f27,True,2024-01-02 00:15:01,2024-07-16 00:15:01
1284,cannonnicole@example.com,2f5d38072a80f63685c7ea12ac1c61e7f9f324696772eaf35c9fda828286aac6,True,2024-11-10 21:21:48,2025-07-15 21:21:48
1285,vturner@example.net,beedea19172316bda972ef5e0ed1e6d78fc6bf23b2beb45a7328c35c742d8f78,True,2024-04-27 21:44:12,2024-06-20 21:44:12
1286,edwin31@example.org,3a72037eb03d59e40b137016523844627a395a4175f6ac0f35223b64c1bd66d0,True,2024-07-02 19:49:44,2024-10-31 19:49:44
1287,anthonyodom@example.net,8dae08fd1f26186cb42f181094682cbf24a08e75610b341f210462492a4590e0,True,2025-09-30 08:09:48,2026-04-13 08:09:48
1288,catherine93@example.net,cd466ec3e2132f454d1242ab419e55bb183cdf9ad425300575ea6efbce2dba2b,True,2025-03-23 10:06:33,2026-01-09 10:06:33
1289,jerryjohnson@example.org,63827b11c2b3f9b1ee25e3ab9ddcebdca1c60b4107fe45488be876e2955d4355,True,2025-11-11 23:37:11,2026-05-13 23:37:11
1290,manderson@example.com,7d8677e17e8e5a411102e6b916dd18c8fd5b50a58884a3840bbf59816028a0d1,True,2025-05-12 14:13:06,2026-03-02 14:13:06
1291,jack67@example.com,35b49843652b7356bc7641653a68262744c1aca502a66f88d78facfc3a0925be,True,2024-10-02 03:38:04,2025-03-02 03:38:04
1292,frankperez@example.com,ab7aeda8b372503b6d7f49179dec55aa03ebe0eb76f648c109480d4c14a87739,True,2025-09-18 07:50:39,2026-09-11 07:50:39
1293,schaeferstephanie@example.org,df63e6c5cc4261bc60d007b577a97636eeed751c2489d04b9eb4d0d0394e2dcc,True,2025-04-20 20:51:06,2025-09-18 20:51:06
1294,katherinejones@example.com,ae165ec7b69cc1165e6b7c7ead2ec4b2906db282ddd0231a023e40363ab058a4,True,2024-09-30 05:13:19,2024-10-11 05:13:19
1295,dwatts@example.org,0df5e8393f6177151cde25881454d9d1ccda2246a3758737633ce154cdfcdeb8,True,2025-07-18 02:42:17,2026-06-20 02:42:17
1296,csullivan@example.net,9f75e54099027814fdd2445e80cae48c216b3d878c645e124e43ae3b834f87a9,True,2025-08-16 13:25:37,2026-03-06 13:25:37
1297,zcortez@example.net,d9c0abdb0751b48a43d815aebc7db3b3a8158277cb0d896b35b54a2d5aa8a189,True,2024-06-03 15:14:51,2024-10-21 15:14:51
1298,meyershannon@example.org,841cf0a0a53c4d113e12dd25ac5b60ddc9b30112e4c7282ceb51effa5f3605e5,True,2024-12-20 15:45:56,2024-12-24 15:45:56
1299,aprilfoster@example.net,a838afe637fa734bf9ba8c889edb8b0990cf9802dcd9c065249c9735b36b5a93,True,2024-09-14 21:23:22,2025-06-30 21:23:22
1300,grantzachary@example.net,1b61697c5cc3c34313ce5302260f823885b91b2453640ea4373c3a3b2c0c8fcf,True,2024-09-11 12:31:56,2025-08-28 12:31:56
1301,leescott@example.com,0dcae0f4ebb154aec9138fe9abc24877dfddae90c7ba24ac8f4d0c729c0f3f32,True,2024-06-26 12:27:41,2024-07-21 12:27:41
1302,steven64@example.net,4211325d854eae466f73991b73a4f54d6b5169e7403a72fd942fe3999aa04773,True,2025-11-23 06:55:41,2026-09-29 06:55:41
1303,vaughnrebecca@example.com,e3fc2f9382a3e705f6401580273a2e82e8e48ac5714ae6a920b9c0e6d63aea75,True,2024-09-11 06:04:00,2025-05-23 06:04:00
1304,gdavis@example.org,888528ef1ad6ed9b3b4257f30d9585fcaee8cdaf5599b45dd626dd648c479caa,True,2024-01-04 01:42:32,2024-05-29 01:42:32
1305,kimberlypace@example.net,a94b63c4bdfc4c0d25598bbac267489867b32b076a224c870014b88013fe5984,True,2025-02-09 09:43:52,2025-06-06 09:43:52
1306,phillipmorris@example.org,19d6a8a2faeff48d831b0644310022b576498d5ba6717bbb92b37af51b104fcb,True,2024-05-18 21:43:48,2025-03-24 21:43:48
1307,shawnmosley@example.org,c924711f1b835b717e15f0854fb0cefc4e989c544f9f46297927c94663b16a7c,True,2025-02-01 01:33:56,2025-07-31 01:33:56
1308,udavis@example.net,e43b46aca373c871733392cd48aa64d5fb296beff0e07af7c7c10f11145888c2,True,2024-06-07 11:52:19,2024-09-27 11:52:19
1309,jennifermartinez@example.org,a5600ebb0e61b9b843cf7878898d0e831e6de1aee52b99c095b129cdd990e282,True,2025-04-19 23:59:33,2026-03-10 23:59:33
1310,fwalters@example.net,8f3107aa4b6cdcf2f7bb57fa36bf941ad83c6e57f5f262e3624573d1a7829a0b,False,2025-02-09 19:09:06,2025-05-17 19:09:06
1311,gacosta@example.net,1b33ea644567c80c213e858d275578d85baf890c075b18f3c680c7138a9ad48b,True,2024-09-15 00:06:56,2025-07-29 00:06:56
1312,nicholasjames@example.org,9c08733bb6bf3c199025d2e6f2e5a7119c51496fe2f88cd339831d95d6cf9f7f,True,2024-12-06 02:02:25,2025-04-13 02:02:25
1313,ariana22@example.org,3e61e3a5ef7bceffaa5e5b32f7ebdb366dc9f1250e020cb44f9eb7e8cf28122d,True,2024-05-29 15:34:36,2025-05-11 15:34:36
1314,kaylawilliams@example.com,cdeb477c97ed282dc6d6030c3088353a930a9bd16ee7031b539f6555f05793d9,True,2024-06-15 07:38:22,2025-05-18 07:38:22
1315,jessica74@example.net,141f4bf90f8e3027c51597deb6449182a1cd9dc4478ae7015be3d204c0bcd4eb,True,2024-11-16 19:04:13,2025-10-30 19:04:13
1316,davidanderson@example.org,100ae8d7223e431d2fdd791adabcc1a2b54c5a398b559a965d2d91c756afee1e,True,2025-08-15 08:03:11,2025-10-24 08:03:11
1317,deanjohnny@example.com,da06de35fbb85269c387429a63a35e49eb88a084a73097f3e0acf7b29e5ce63e,True,2024-06-11 14:28:20,2025-04-28 14:28:20
1318,ifoley@example.org,48a06f5d58c5cfb9d91c52413d3c696e98dc01370be48b2c44a6b19d1233a8ff,True,2025-12-02 10:29:58,2026-01-20 10:29:58
1319,lyoung@example.net,528b5a8f9ecf87b9c9c97d0456676caf5d772b8ea966909eb7bb79c1503356bb,True,2025-03-13 04:23:09,2026-01-28 04:23:09
1320,cchavez@example.org,7db455afa92c27a9368ed426782d263c31b426317ab033a6f9367bad1a1cca2b,True,2025-12-07 01:51:35,2026-11-02 01:51:35
1321,sanchezamy@example.net,36d29402d642107d19423ebf914c67d7631f0717cfee7daa4783fc0105faab68,True,2025-09-26 19:25:00,2025-10-16 19:25:00
1322,brandonhernandez@example.net,006959de96700e83a2cef35acb83089bec679678a278aefc4b7157b22e7538a2,True,2024-07-15 11:05:31,2024-12-20 11:05:31
1323,benjamin09@example.net,6dc3ff0fb519a0273419528bb74bb6cc7f444e2f090d3853d1b4861a6f747efc,True,2024-03-02 03:26:27,2024-10-13 03:26:27
1324,mark10@example.org,f1624f23bf0b9d8c70de6f522b817eddfedcd10910fdd0d889135cfcdf3db0e1,True,2024-08-10 07:08:14,2024-08-27 07:08:14
1325,kchaney@example.net,a42ca626b001ef2e3456945a3b656bfa13ed943a1b4cef30bd358d010609b918,True,2024-08-30 16:16:40,2025-06-22 16:16:40
1326,cheryl99@example.net,698c904eae2ec073c132566bebb51665bb0ff413ea00b4b9922c7e6b5698edf4,True,2025-09-30 02:50:43,2026-04-04 02:50:43
1327,tammycurry@example.com,00b23ca49e038696df8850fa4a783b5104ce954208f96be937b5e3a947b1879a,False,2025-07-01 18:37:16,2025-09-06 18:37:16
1328,daviskevin@example.com,a138ffb44cc538ada0173946cf21f44622ffefb66f68dfc3b0a6affad441e57a,True,2025-05-03 15:15:32,2025-06-18 15:15:32
1329,wwilkins@example.com,d958d68035338cd877de6f9c377f39728be2e30d04cce16788e5072b758420ac,True,2024-11-20 01:29:27,2025-04-20 01:29:27
1330,carterdennis@example.net,c3e170f766a4638bb834f91c3d82a4830739d2e65c5fcedbe196a57966a633c3,True,2025-10-13 11:43:30,2026-03-29 11:43:30
1331,mark68@example.org,13485069e7fa66d725eabbaefe2747bb04d2ed00f4607ab1b031f5b220137c8d,True,2024-09-23 09:45:18,2025-04-23 09:45:18
1332,cherylrodriguez@example.net,485488526df75179edb4acd64ffa438815d1ebf8eeb5b7689a07ac8e11754678,True,2025-04-01 04:12:36,2025-06-29 04:12:36
1333,webbhaley@example.net,29ae925831ddafc6869de20b20e5784d6ed66c7996a00eebdd748be7a967310f,True,2025-10-01 02:48:26,2026-01-11 02:48:26
1334,ronald54@example.net,a8dcdaa574c2cb5bb3195cff9e40387e4eb344ba8405e9d16dc47049b46b8a6a,True,2024-01-20 03:15:03,2024-03-27 03:15:03
1335,sara99@example.com,8344f14a97ecef04719f393f02514ad9e1de2923d3d3aaf3cdb1461ac0bee0bc,True,2024-04-16 15:44:05,2025-01-17 15:44:05
1336,lvasquez@example.net,83d933921742df8fa3ac29f8495966eb963f8c0a1e69eed942ca38fbbb3401f8,True,2025-01-23 11:52:49,2025-07-29 11:52:49
1337,jeanettekrause@example.org,625c8d73a5a4237884566e70aa26f21cd0bbcc0af7067a945c0658780f30ebaf,False,2024-01-14 05:39:19,2024-10-11 05:39:19
1338,johnsoncolleen@example.org,d3a7a943d716797f176e5662a7195702e1fe396e378686674996af71052c6bdf,True,2025-03-09 18:02:37,2025-11-20 18:02:37
1339,laurenduarte@example.com,d3515d3a83b9490263dd43cb72c99c3a766dfdcf729ed91d7f2c6afa7d057585,True,2024-12-03 01:22:17,2025-04-21 01:22:17
1340,cookann@example.net,1185f43ace263c1bac2f6eee433d37ddead3f88e67f9fd2e84b34a77b93bb50d,True,2024-05-03 09:28:10,2024-07-26 09:28:10
1341,alexharris@example.com,bf19a8aecc673c18a8f99d52a2387b3efc8f0bfe651afd95b75f1e8c3e43762e,True,2025-02-04 09:26:28,2025-06-15 09:26:28
1342,kristy44@example.net,5462866516ca6d33a6cc26138396147ef73b117d5569bc1bd131ab8403220da7,True,2025-03-24 13:47:19,2025-11-25 13:47:19
1343,katie15@example.com,b22be2b771a219d6198aa38d9a267f9feb4939b398fd3155873499da0be558a2,True,2024-03-01 23:16:07,2024-07-30 23:16:07
1344,nramsey@example.org,1dd47dc3943870bafe6cd080a9fb478462c97b2fed7c1e2e6d5732b6a20d8f75,True,2024-04-21 19:52:34,2024-10-11 19:52:34
1345,jamesbass@example.net,bc85b6e9e0f9cbd2d957a4682e71cdf398177e6c4aeb2c5f6ad2f9a87ba2460a,True,2025-06-21 18:23:45,2025-08-18 18:23:45
1346,zhendricks@example.org,c2ca364ebd8ab663173f39dc64f0027c95f89bf4717d10fb7436668df73c20ab,True,2025-01-08 00:38:46,2025-09-04 00:38:46
1347,timothyburton@example.net,117cdf2249615b27b31a4319f8820838022b0a0e9ea7dbf63e7750049ac783a4,True,2025-08-26 12:32:34,2025-10-03 12:32:34
1348,steven60@example.net,f2598e93ea292af02183af22a116d05a1041662c8a991f2d4d7219dd68c6c708,True,2025-11-27 11:48:59,2026-02-07 11:48:59
1349,annette58@example.net,22f628c546127efc5925800cea89881c1364ceb53696a0962676dc17aaa27b4f,False,2024-09-04 21:05:53,2024-12-28 21:05:53
1350,clarkgina@example.com,9adb2cd9647ab3b12ed4371d7d93a6d54be5dfbda3b9310586c14e28b7f13dd5,True,2024-06-24 03:38:45,2025-06-05 03:38:45
1351,montesjuan@example.org,afecfc1f8941c421271998e6b6e16b9869b21f3044a3ceac4912fdfc3f3afa38,True,2025-12-12 02:52:30,2026-11-22 02:52:30
1352,tonya82@example.net,98d291d2203bc9853dae25faff2837a77ae78585fa3bc58793fcf5fdcbe077dc,True,2025-05-14 13:39:10,2025-12-03 13:39:10
1353,hlopez@example.com,c059ac035f89a4e04c374ae3aecb201bb4471683b9ff66db6b6e4d519bc4bc58,True,2025-02-11 03:32:34,2025-11-23 03:32:34
1354,jennifer46@example.org,d91408c51547896554fda16499cb0c6897c0ffc06a3037a0153568a288926fb4,True,2025-07-05 12:17:14,2026-01-08 12:17:14
1355,xwiley@example.com,541c4d3df4ac79bb7b34f4b8de8220ee58c9b8f7d31b4e50a98e63b97538abb7,True,2024-04-03 19:45:14,2024-05-19 19:45:14
1356,javier42@example.org,cc938c89f74818e4ddef71e6feef006bdd09c4c657d2ad20d0fd9c9205cdb4f2,True,2024-05-29 17:30:18,2024-12-17 17:30:18
1357,kristen31@example.com,600fd2eb4e5b52990a514328f0212569d84224306795d1fc37222d7fc1c514a6,True,2025-08-03 09:09:52,2025-08-10 09:09:52
1358,lloydrebecca@example.org,c9c23dda7fe70eecb66c47dcd80178bad1455d9f677266da1865e57ee039001c,True,2025-08-01 20:00:06,2025-12-14 20:00:06
1359,matthewwebb@example.net,7d3bf09aeb0762d2761f66e07c64fa51713b646b4c4a6e20f55debd64f5ebc58,True,2025-10-09 13:12:13,2026-07-10 13:12:13
1360,kimberly21@example.net,6ea79896808faace3137a628e7ef924112e5997f94f5682531f190f895dfb855,True,2025-09-30 01:55:50,2025-12-02 01:55:50
1361,jamiejohnson@example.com,e9d028c5ab60d8b596492ed27c927fa6ccfb93ea86352c4b401560cb8f188afb,True,2025-01-03 11:47:35,2025-08-23 11:47:35
1362,cookpamela@example.org,ea02371a83b23029ded36da7150d06cda72a0a6e2bef67c8dcf992d88c16f603,True,2024-11-27 16:40:41,2025-06-03 16:40:41
1363,andrew43@example.com,877c80afec920ceeb0b3bf83a4d84dac727e8e1a8dfd218bd995433695956fe0,True,2024-09-07 10:57:35,2025-08-17 10:57:35
1364,jameshill@example.com,72914fc3185718b591e5cb205cbf914da81bcac0b6841dea7b82c379f7644829,True,2024-11-24 14:44:29,2025-11-03 14:44:29
1365,rlambert@example.org,f73fd9768e41dc00471a346a21ae24ce1bb17c19304c545e377cba8a74e4be29,True,2024-11-14 01:44:27,2025-03-28 01:44:27
1366,joshuasmith@example.net,11b6eec66c492d7ec0bf25710f44830914a2203346f5b7cf8ab1f5fabeb224f0,True,2025-03-19 10:23:57,2026-01-12 10:23:57
1367,clarkmichael@example.com,d9b1e0c227d69eaa2d4a8511a1ebe4a27f73c951e8a73b919cdb23176939c3c1,False,2024-05-21 03:48:00,2024-12-02 03:48:00
1368,donald49@example.org,bb3821460a3e90366778bc671a7371be00d23057d779cfad7ce5698c9c3e665f,True,2024-05-20 09:08:46,2025-04-11 09:08:46
1369,charlesaustin@example.com,67299735b84ed34fc5b6e48c243de83de9b5f78f118791d801c4e1b0777b77fb,True,2025-08-07 19:15:49,2026-02-13 19:15:49
1370,bwilliams@example.com,7c0deba9e2d92b76ffc8bf4b88125a1d750d02830c3fa2f119ea348e6649096c,True,2025-01-28 06:28:48,2025-03-24 06:28:48
1371,rodriguezbrian@example.com,6f9d4dac12d06e6ad21acbae9c0b447f83fdd5088ee96691f0fdfbc8bf77d814,True,2025-01-19 10:31:05,2025-12-30 10:31:05
1372,mwhite@example.net,70ead7981971dc6c7f9fdd45f630e40a5bf55fd06ea4e4db1f658e895448bcd4,True,2025-07-21 04:15:03,2025-11-17 04:15:03
1373,tjensen@example.com,25d5b73ab5ae216ad791d548dd2aec77db76fe8dee4331b4ac00193cb2c70531,True,2025-09-08 16:46:36,2026-05-07 16:46:36
1374,jenniferlambert@example.net,7f0c587638b5b8e701fbbf5ead55ae27d513ca22f05d5bb105b9702845fae0ea,True,2025-09-24 14:18:53,2025-10-06 14:18:53
1375,beltrankatelyn@example.com,0ce74a26ee213de7e3991595abd18b4c1799497954ba06f419d9a2e911547f27,True,2024-07-21 01:38:57,2025-06-03 01:38:57
1376,christopherlang@example.net,6cad79756894315147a5f41f43143286fd9a901fb5beb833592872927f1bfbe5,True,2024-02-17 20:45:22,2024-11-30 20:45:22
1377,tdavis@example.net,a22950de2d9c4ba9aadfca2f7b6b88c5798194b65b391d47c819e0fc609b0f67,True,2024-08-28 01:28:10,2025-02-11 01:28:10
1378,oruiz@example.org,c911d286a3ae7d63a6cf68310a7af9d1c88b30f6d6a6b69cf05946cf67761928,True,2024-04-30 21:07:30,2025-03-08 21:07:30
1379,roberta62@example.net,3570edc673b425f73ecd017aa393d62f890c9e03480d12e500facd9604a2fcd4,True,2025-07-21 20:10:43,2025-11-11 20:10:43
1380,kristina57@example.com,aef548aa1c7608837ccb6842bfee6512d2f5b2b3dfb48d6e4b2a172a18c4193b,True,2024-07-18 16:31:30,2025-06-14 16:31:30
1381,jonesdaniel@example.com,39a932467072b627e98ad74c140bf96fbc3b6709a3f4cded0bd246811477d2b4,True,2025-11-07 00:39:14,2025-12-09 00:39:14
1382,ssingleton@example.com,c1e049b22dffaa8a2ee19c76fb4d2ece7ae2c5e7313cd09ba44c9692dd6a57c3,True,2025-10-27 23:41:27,2026-09-17 23:41:27
1383,williamsullivan@example.net,9ad76f3eaadbe2c942e4a67b562afab59e61834ebdbe7ba359bded40ea1940cb,True,2024-02-03 14:45:04,2024-09-27 14:45:04
1384,nguyendebra@example.com,0af183a37923baf99c92f16ce22f42c7e3bb7ce03012e95b60aac98ee677862c,True,2025-01-01 10:49:37,2025-12-25 10:49:37
1385,amorales@example.org,02704b9791d21401393b080ecb1da38acf9bafcd9881b89552f38ca30d5d7525,True,2025-01-25 00:42:15,2025-06-28 00:42:15
1386,amydickson@example.com,0d4df1f45fdc338a8ef6a616a18eaae6323f4912f8701c8088c84a78b80804c4,True,2024-12-18 10:45:23,2025-11-15 10:45:23
1387,petersonlisa@example.net,430883e714ebd61f725b56358ff3783601898b7677707093f704b0b923904dd2,True,2024-09-06 13:51:52,2025-04-03 13:51:52
1388,bmueller@example.net,3c001d2fbefc35d8a0db83be891daafd4106d8352c08a9dd83077041a1796673,True,2025-05-15 06:38:40,2025-07-13 06:38:40
1389,amy32@example.net,d58fdca3d5cfe6400baf2a490c4613500aaafb086df4b394db3004f119e0a737,True,2024-12-12 00:00:25,2025-02-21 00:00:25
1390,stevensonjennifer@example.com,c599b42b5c6afc0c6ee63aced18d4366bfc8f6bdb5b20ba6c2a6ecba607039c6,True,2024-08-31 05:48:32,2024-09-23 05:48:32
1391,vargassteven@example.net,c62555a4090734c349ffc8ac30aed7371c3f3eaa6353a4a73bc121695c0d6b42,True,2025-01-21 10:10:13,2025-02-09 10:10:13
1392,shortgregory@example.com,f6a950e13c5487f3a04bf41c9751d6efef838265f330ea7690df304cec93e33f,True,2025-11-08 22:30:43,2026-04-12 22:30:43
1393,georgegina@example.net,9a0a0b1dd1d091cce7d967e401dbde564c74dbfca48199a3154d12fc6dfbf00f,True,2024-01-04 11:43:35,2024-09-12 11:43:35
1394,pmurphy@example.net,900247c1c368759aa57edd2f4becafc3b6972c7ecc85c0557d6ae64d11022143,True,2024-08-29 21:19:33,2024-10-27 21:19:33
1395,davislisa@example.net,55f4fdf26d2228cbef1f196c93c9fec8975d8125e7846f0273b8acdcf64e8cea,True,2025-06-21 16:22:57,2025-08-09 16:22:57
1396,shermandonna@example.com,ae4cbf189fd9f2abc8d2feb7849c775f28c49234a2013dc1ae0d31366c41efcd,True,2024-08-04 19:31:51,2024-12-02 19:31:51
1397,peter97@example.org,869513af87bf04fe954014c54cd84406a9fa9a6fa80cfce50246f4d2433d9f98,True,2024-01-31 18:27:39,2024-11-01 18:27:39
1398,erinstewart@example.net,e7efbb35bc4ed80aa4ffd427bfc85cea10681d201b89b6964ac4760dcc9150a0,True,2025-03-17 16:33:08,2025-05-25 16:33:08
1399,samantha65@example.org,a2f574c0ef4df95f90040ae7d0778044f65a80596b6596f4bb94869cef2c7d83,True,2025-10-10 20:01:40,2026-04-26 20:01:40
1400,carrwilliam@example.org,737b239aab2768982e90dc391f681be38db1e21d6e3a4c4a9d5949948f1fbe2e,True,2024-05-05 15:30:59,2024-12-23 15:30:59
1401,bryan80@example.org,03b3844cf7243c33de29f6298e1d5e9290c4eb7f9cc9a741c69c5678bc333c16,True,2024-06-26 03:34:21,2025-01-01 03:34:21
1402,daniel40@example.org,13ca9f2721aa2525b9a3f1c87de5fd0d37f31e80255cd7d638b0afb16272b1b3,False,2024-10-21 09:11:53,2025-09-29 09:11:53
1403,zpark@example.net,1d505dd67eda4cfd8bc861d94af79b6bc2121df15c9d003a11e8b846791becc1,True,2024-07-26 23:09:47,2025-07-17 23:09:47
1404,jennifer66@example.com,9327dba65246b7cf55cc8bc84d34c9716242833053b1612112f5a7aa606f5dbe,True,2024-10-07 20:22:43,2025-07-10 20:22:43
1405,elainewells@example.org,fc78024efeeab706244e694b3a797f6146bde599bc402cf56cd9c430ffd996dd,True,2024-11-13 22:53:02,2025-06-15 22:53:02
1406,xbridges@example.com,ca97b90f686c6b0a24df704819d8f096e483597fc73e6d8190717b9935d265ed,True,2024-12-24 05:13:02,2025-10-20 05:13:02
1407,keithsalas@example.org,7c5474d2e910ccd0342324e7edae430f867a3b2bb4170df4e5766b6e715a0bc6,True,2025-11-13 04:20:02,2026-01-31 04:20:02
1408,alexanderwong@example.org,120cdd671196d89d9ba0091d86a404245babe283bbf5714bb1ffc7749d8f69a8,True,2024-03-15 12:43:26,2024-10-13 12:43:26
1409,ibarrett@example.org,3cd27fb99d41b8fede81b6c6b199246e6353d2e700b58700091ca2f4c4dead1f,True,2025-10-12 15:33:25,2026-09-12 15:33:25
1410,dawnperry@example.com,a5986d9a7d48fb82197a33fb5ff4fc7aeaa7e2743f5ac6a6efda4e8b2747bf15,True,2024-07-24 15:43:35,2024-09-12 15:43:35
1411,dhanson@example.net,f5e83458fdeb5568cc7015b0386499baff29951728d6f53faf5e3c3b5d5ea1c4,True,2025-05-07 12:23:25,2026-01-12 12:23:25
1412,carnold@example.com,560438a41307214dbbf48bc4cd1c3a97a1e2fa6cbda3b0a6a231cda1f6d8c29c,True,2024-01-29 02:28:29,2024-12-09 02:28:29
1413,jeremiah69@example.org,1e04401a4077050753185d4f03481c322e1ab4d0229dadc05db5a8effeec4376,True,2025-07-20 08:47:15,2026-02-13 08:47:15
1414,pbradford@example.net,0b53ecc1446762cd7f13d39673ee2822ff64ebfc66461bed34fca9bd603cff5c,True,2025-10-18 01:33:13,2026-03-10 01:33:13
1415,robert89@example.com,5af4033c1f033ab87fa6030a2f11ee48f216c058992aa176d9dc6afa728eeab0,True,2025-04-10 00:41:37,2025-04-26 00:41:37
1416,goodashley@example.net,f92a8db6d0ea82960e2ab47aecf2d06f6b712d0a933cc3c86c3aa3efb1c7d94c,True,2024-07-12 01:24:24,2025-06-30 01:24:24
1417,daniel71@example.org,c0aee2a38114a4b0352fc824aa1384ff413ba21cf6ca70b2058df415ba548e58,False,2025-04-17 18:15:33,2025-10-23 18:15:33
1418,steven18@example.net,eb06846a5786e0ff97e81222e924b781796e9b55327bde61d8f37bbcf95525d2,True,2025-10-14 02:23:11,2026-02-02 02:23:11
1419,sanchezcrystal@example.net,f6c4aef0592f90145168e6ff3f5f3e40143d26e82b84c4951ebbe0978b27c0cf,True,2025-05-01 22:23:32,2025-12-14 22:23:32
1420,suttonamber@example.net,8c01e5db5eedc9b95fb7748eb1561acef4091f30c8923ef94124f936e9dab32b,True,2025-05-06 18:50:42,2025-12-19 18:50:42
1421,chloe58@example.org,8e071f4611c747a44426bb846c3cc332098e5aab8036597eb9a01212424624ac,True,2025-10-09 08:36:37,2026-02-06 08:36:37
1422,egibson@example.net,50de8de1f780710b2e4288b4287c468281a58fe274f59b38d602a728fa019f85,True,2024-04-14 09:54:35,2024-10-16 09:54:35
1423,robert44@example.org,af6844a8aecc3ac0724d6035f0c4b12bdbdf308be9fc8a0670aa43d219a6f5a7,True,2024-12-13 17:07:41,2025-02-01 17:07:41
1424,nealcarla@example.com,68e7d1231c960ae78c5c909e8ac104fe047882158f0d298a43b4f7cb57bc501b,True,2024-10-02 15:37:40,2025-09-18 15:37:40
1425,bryan79@example.org,339bd03fe3d918a88ac77c46b28769ff147c241264ded8df0aaa34990e3996ec,True,2025-04-17 22:52:11,2025-10-22 22:52:11
1426,douglaskelly@example.net,4e226bf7b7cd223d87e6523efbc02ba084d91d318ddee972c41af0ce373e9571,False,2025-10-25 08:29:24,2026-07-30 08:29:24
1427,mitchellchristopher@example.net,cb7e7fb13a2dcc921effd222746bb6a7986a57f40e9a041c07fb10fd6affc071,True,2025-03-07 19:24:34,2026-01-31 19:24:34
1428,yorkjoshua@example.org,7b68d3d91b61efcadaaaffceb8c628a7d994df802b6e25c930227762a1009c84,True,2024-05-23 15:35:34,2024-11-22 15:35:34
1429,joshua40@example.net,547cac0873fabe8a4ea34aa7e7a50f25c7e0ed8ccbde8e7556c179291126cc60,True,2025-02-13 19:57:59,2025-03-16 19:57:59
1430,munozrenee@example.net,67d0727fa1ef1906f7679d21ee11b154c764cdaa182ba99c76dac12df55a177f,True,2024-07-23 14:04:09,2025-02-11 14:04:09
1431,donnawood@example.org,0bb380e52e8c5077b68ea91117f7a48aa7cc61fa84c525540be9c21c90ba2d38,True,2024-10-30 23:33:49,2025-03-20 23:33:49
1432,kimberly37@example.org,de3b5e605194c3a01a20a938f223bb12ad91b306d07b4639cf451ec9219f0e09,True,2025-09-19 11:27:32,2025-12-25 11:27:32
1433,cooperchristopher@example.org,ce450384b0504b2d6afa934c083b7240bca69a686fff212b253c764a4b6a0968,True,2025-11-07 12:45:06,2026-01-08 12:45:06
1434,marymullins@example.com,a2ae5e7687c217d1d98eaf110c7c3e463abaf8a3acc55074e4d1799828c7eb50,True,2025-06-21 00:57:37,2026-02-08 00:57:37
1435,cyoung@example.net,c7dc5f0571485d3e8797b57ff9e7f126130f85d1affdb1171ca8aac188ffe3a4,False,2024-09-26 15:34:11,2024-11-11 15:34:11
1436,jasonnavarro@example.com,56f6ca13e2ad0b0cb5e7363fd93080b4dbd198486400a716179e19edbd9c0d28,True,2024-07-02 01:50:10,2025-06-06 01:50:10
1437,maykarla@example.org,b943f5a61a8f8580c8e06924b88420a87e14f475a2978071534642804ca7e797,True,2024-01-24 22:15:58,2024-05-11 22:15:58
1438,jacksonraymond@example.com,1583f71a94a3dc3d5de81ba1b3ff7e59f045d6d29c0affd68da26c5fbc5a9bd0,True,2025-01-31 22:07:16,2025-12-25 22:07:16
1439,wreese@example.net,107ecad3937af81591c6d5d5f3725e47e30acb24f07ac831b1d406c6355cf219,True,2025-04-29 15:38:58,2026-03-22 15:38:58
1440,noahthornton@example.com,f8b4f91f197be0602e7e7a3c28764d2faae0e4492db99410b7d21ba6bdd79c19,True,2025-04-24 19:39:37,2026-02-23 19:39:37
1441,dustin60@example.com,d5259b65afa4c642fbc219556d1b8af2b230628a6cf12deb36855cb0f815c3d2,True,2025-05-11 05:06:23,2025-05-21 05:06:23
1442,ureyes@example.net,79ba19dd0c785d592782900f1f16c1c8fa5ba6cce7a2d0ed86148d9eca25e982,False,2025-02-06 10:31:55,2025-03-03 10:31:55
1443,davisamanda@example.com,22645eddd5dcd7fa4b2e259182d202ac7d1ad6cd55d59356a6f205fd085422b4,True,2025-06-09 08:15:17,2025-11-26 08:15:17
1444,pbishop@example.com,ff3c9825bba06b6f9d416d714298185e5d46f5c721c8e1b203ade6f72263ca07,True,2025-09-09 12:44:18,2026-01-11 12:44:18
1445,joseph14@example.net,aab768c7a7f0f3f75280ffb1eed91b74ca9d31e61b6fd7797966f1b75db2e2bd,True,2025-05-12 06:46:01,2025-07-15 06:46:01
1446,rmurray@example.net,15b4f2b973954457bb98c50d4c2f9253cb6cff78762aba632f4bc0635447710b,True,2025-08-19 20:29:16,2026-06-04 20:29:16
1447,jessicachapman@example.org,c354e31185c921b89850e3b7fdb6b6340be88eff35810bbd2bc787d0a5809848,True,2024-09-13 23:16:58,2024-12-27 23:16:58
1448,erica25@example.net,9d7b8b77900724ac6395f7de4d041abe8e4bf5334d2b606f96fe9860d99678cf,False,2024-08-12 16:06:26,2024-09-16 16:06:26
1449,chambersmarie@example.org,d129beb5bbc18e3315f62ef5bfa15723556c8995c3629ff65995ed2d8a8324ab,True,2024-07-12 07:16:55,2025-04-21 07:16:55
1450,gdavis@example.net,5ebf163040a9c1a8c9dfa60ba283e5affa66573c0af678cce5b27b860b927940,True,2024-02-23 19:38:55,2024-06-08 19:38:55
1451,ubell@example.com,8c2539f18a89cdc4af5def976ab213f9513322e85ca089295753f6450a29d93e,True,2025-06-20 12:38:59,2026-04-16 12:38:59
1452,james09@example.org,39483e2f690f0acfa76154aa3e85f9d74135c997d3657de002890f5cdb96a7cb,True,2024-02-08 23:38:57,2024-05-28 23:38:57
1453,maysdiane@example.org,bf612090bc595b0a89b4c6837d318184b85dca6c0f55bb7857107bec5a9f1fa0,True,2025-04-05 23:30:20,2025-08-02 23:30:20
1454,ericksondavid@example.net,c0270b1ad5a8bf6706e1ef6665658de8ba7bc7c3da7eff593f4b4f54b0f42fc7,True,2025-10-31 04:32:54,2026-04-17 04:32:54
1455,nicholasgallagher@example.net,986621184ed599bd4ad5c290dcb29430c1cc33cbf9ec0aa3026dd3198dd23978,True,2024-11-22 19:39:55,2025-02-05 19:39:55
1456,pauladominguez@example.com,64903de11e42f520a99463c99a27c183546bb7fed42cfed8f63eb21cd8a9fb96,True,2024-04-17 23:35:00,2025-02-16 23:35:00
1457,steven17@example.com,b05313f2c7213e226618a7ae918fee11d4d2a42a696e30a838f4de4a2e90d346,True,2024-11-02 03:46:13,2024-11-03 03:46:13
1458,qschwartz@example.com,dd693fbcebd8de42f6e801fb2e4d2a98c077878533505775f56ad9a627e63cf4,True,2025-11-09 00:38:43,2026-03-30 00:38:43
1459,fernando14@example.org,3641db3e77380dad5c366df451c32939efa20164793a1295627a58471b0fcf9f,True,2024-12-25 20:36:27,2025-03-09 20:36:27
1460,dprice@example.com,1c5c7b7fd0c0a5a7b2253c7bcced5d4f5bf048e7bb0ccb8902f452b9f456fca7,True,2025-03-22 02:49:00,2025-05-27 02:49:00
1461,gregory17@example.org,44ff1b221b02ae51b1eaa60adb20bb87cda999e0866744bc5ca8a62e44e60766,True,2025-04-11 07:50:35,2026-01-12 07:50:35
1462,fwhite@example.org,f2a2b544116b1daeaa3a6b7d055ade22145acb1f9cd89dfd770ff06695381f47,False,2024-11-17 07:29:06,2025-03-25 07:29:06
1463,amberreynolds@example.net,1bab6dfccba0ab2dfd4b24fe41bb0ef71fb5ed6bcb5c08b8aa2a55fd2c984019,True,2025-03-12 08:40:08,2025-06-09 08:40:08
1464,gainesjennifer@example.org,14d605ea32a31aa3db50c947281a18aa3133fa99916032a4dffa5583a6e11d6a,True,2024-08-14 08:38:41,2024-10-09 08:38:41
1465,jonesashley@example.com,6be85d6be7aa83e5c332f55ca822733c0df2603e0168a1a90c1c0f355f8c7ba9,True,2024-11-20 12:33:11,2025-10-24 12:33:11
1466,fsmith@example.org,e8927a67c84acb63c8439596820693ebab47ccc856d4a7dbd3f9c2b43d39fb32,True,2024-02-07 09:40:03,2024-02-20 09:40:03
1467,fitzpatrickelizabeth@example.com,34d5e690921bef29919eba6a91c81638edd545c0d5ca996d12cecd57b1bad912,True,2025-11-21 10:46:25,2026-01-27 10:46:25
1468,isabelconway@example.net,f720aa0def4324def28f04d69c2f71f74b1e7a21fdec0cdc01555760becccffc,True,2024-07-18 00:28:57,2024-07-25 00:28:57
1469,robertsonshelby@example.com,3223bec336abd640f8e2d73c5121fd777b233c4a2b162850b892854bb11ab6d7,True,2024-05-31 21:52:27,2024-11-30 21:52:27
1470,ugraham@example.org,82d28dd450e10c9f1b677d9d8dffb5e4726753ba863ce02c4f0831498e4bd482,True,2025-08-25 06:23:34,2025-12-24 06:23:34
1471,aaronfinley@example.com,972113932057c3af21a778836045e28db2beccf6b567181af27c9ea4f3e69efb,True,2024-11-03 20:21:34,2025-08-31 20:21:34
1472,bradleysavannah@example.com,2c1aa4a4902ae0301c1f876ed5691de0a6bd61bc077a9afafb61c5b095197c03,True,2024-07-08 21:39:32,2024-12-20 21:39:32
1473,evelyn60@example.net,5cf68f08548035c862455ab9c183f3be68ac06000ebf12370f7a7eeb7d9e6993,True,2025-04-27 12:18:48,2025-05-05 12:18:48
1474,diazmelissa@example.com,bcc9f639dca337379e7d3afb7b14f42831b11f8d42798ce0275c8afc90b5c264,False,2025-03-02 17:05:31,2025-05-30 17:05:31
1475,randallkathleen@example.com,24defca64c1e9e1d38050069864c326e9b992c180c96e3cee7f927b764643b22,True,2025-12-13 19:35:40,2026-04-27 19:35:40
1476,gregorywilliams@example.com,2130bb4dd01281cbd3dbf0bd24dfaa753d2215b57c56e5c9bbbd74982bdfadc2,True,2025-10-23 09:06:50,2025-11-18 09:06:50
1477,kentprice@example.org,a5f35b676462db1ed4870352a270463fc1e9086622ef1808efde6884b1e88853,True,2024-07-03 16:44:40,2024-09-05 16:44:40
1478,tom73@example.org,0bd44de2423e910cfb8e392a3b5b50d41cba1f69a1c5b15ee258a7a5de8fe880,True,2024-06-25 05:59:01,2025-01-26 05:59:01
1479,leejennifer@example.net,5356cb2dff64965c5f0e349472252b9e6cd9930f5710c0203c3cca515aa6affa,True,2025-10-30 15:50:20,2026-07-26 15:50:20
1480,tracybrown@example.net,c8b7816510a0564732f63f50510dcbc512dd966774a5e6daddf3fa54c0186851,True,2025-01-25 06:13:34,2025-03-24 06:13:34
1481,victor70@example.org,11fc86c0a757122e3c6806dc3ad6412e5a26b12946decabc843e28003e21bee7,True,2024-07-12 01:41:52,2024-08-13 01:41:52
1482,brian06@example.org,13d5126bc782e3a2f3b9533fb49211f90ece368a38fbb2f70655b52e97ce646b,True,2024-01-02 23:00:11,2024-09-01 23:00:11
1483,lindsaycontreras@example.com,e2e30ac9bd9b38ed6fc6493a630209645700d5171b6be45d9af479da59b0110e,True,2024-01-29 01:03:35,2024-09-14 01:03:35
1484,joycehall@example.org,e0dee6cf8677eca2e6885366e0f3e7b67912e27f47e799b7874d7df0a46205b6,True,2025-03-24 13:58:09,2025-09-25 13:58:09
1485,mosstracy@example.org,57b5af59094da4cafa31c3005d9ea2436ae3c032fe547fb6fac5ec767ad3ea78,True,2024-05-23 10:43:33,2025-02-09 10:43:33
1486,nmeadows@example.org,5c9b9e09239d08569320b23b57f8a54112301859c3412d8f982d57b990a3031d,True,2024-09-03 00:23:23,2025-07-03 00:23:23
1487,conwaylori@example.org,4fa8d50298011217ec114524e0ca472f255b5e629970483192222ea10d2b7ce2,True,2025-07-26 11:39:26,2025-09-19 11:39:26
1488,wilsonbrooke@example.net,63315089bfbdd9996170250da4c011c1c15df6c8585739726da752292eb4d3f5,True,2025-08-21 08:00:57,2026-04-09 08:00:57
1489,bryanharris@example.com,27ca8898138bcb696a919bba27e3acb76bdf2f81b44d0f9594a3c884695a84fe,True,2024-09-23 12:21:11,2025-06-07 12:21:11
1490,rnguyen@example.net,eef878afb384a6447bdba2fcd9be485c9b429984bf4972c8652d49aa9691ba19,True,2025-07-15 11:12:18,2025-11-05 11:12:18
1491,marcoconnell@example.org,097c5d966d6aaaa3aa1741edeae82820acfc858dfa9014b5734897e1bf949bf2,False,2024-05-07 09:38:56,2025-03-17 09:38:56
1492,watkinsmatthew@example.org,cfd8858ae309773070fd274bdb5605e2734727982c8a89c76e718769e76d8749,True,2024-11-04 12:37:42,2024-11-26 12:37:42
1493,donald62@example.net,c0a6aa92b7682ff44a6a14ebd6c22095a7ccc63669d0cd0d495bdf7f4df8406b,True,2025-05-12 19:56:30,2026-04-14 19:56:30
1494,angela73@example.net,4ade689fc9ff1e20ce2d3781c66b7615065d85b78a99fa0f6f913f1f0e27755b,True,2025-02-24 21:28:51,2025-11-17 21:28:51
1495,andersonkylie@example.net,041c7de8e8077a9beffda685f583a330fec20932dadce03e4daf91b4ec87d0f5,True,2025-06-24 09:24:36,2025-11-25 09:24:36
1496,bstrickland@example.com,19442edff16a560d784805945c954384f41c15d6fbb4cfe30f97121d2dbbc267,True,2025-08-18 05:55:45,2026-04-09 05:55:45
1497,smithharry@example.org,b9e35ee94f2c21f7c6d27376618c448032b213a0d26aee14b3b7cf563dba06e8,True,2025-07-06 05:56:03,2026-05-31 05:56:03
1498,robert72@example.org,b8983c787c5a54c2a58d3a190677fd280f5bc0d7ba0d6ddf6f68d0fa61edc2a8,True,2025-11-02 11:57:48,2025-11-17 11:57:48
1499,daniellemills@example.com,d422eb72b76de0cf5e5f5051acbc0f2edc143086334a24d7f9a5d4a905f5b51b,True,2024-06-06 11:47:22,2024-07-07 11:47:22
1500,sharonbishop@example.org,009da1ec7e2305d221dc6d31b0fa0737a8288287361f0adb6b0d910c13479581,True,2025-11-22 21:15:39,2026-07-25 21:15:39
